A,B,result,RefD
Parallelogram,Rotational_symmetry,0,0.000506274
Angle,Isosceles_triangle,0,-0.083154563
Angle,Pythagorean_theorem,0,-0.161814145
Edge_(geometry),Acute_and_obtuse_triangles,0,-0.383538671
Cartesian_coordinate_system,Line_(geometry),1,0.036445369
Polygon,Line_segment,1,-0.197135858
Angle,Two-dimensional_space,0,-0.304995078
Point_(geometry),Two-dimensional_space,0,-0.244195992
Grade_(slope),Geometry,1,0.01293957
Quadrilateral,Parallel_(geometry),0,-0.07771216
Perpendicular,Cone,0,-0.061465947
Line_segment,Bisection,0,-0.201186006
Angle,Collinearity,0,-0.093240059
Midpoint,Arc_(geometry),0,0.140148327
Edge_(geometry),Isosceles_triangle,0,-0.173280403
Edge_(geometry),Internal_and_external_angle,0,-0.137971297
Rectangle,Right_triangle,0,-0.030680535
Vertex_(geometry),Pythagorean_theorem,0,-0.13037514
Rotational_symmetry,Prism_(geometry),0,0.011397371
Concentric,Geometry,1,0.258918075
Circle,Cross_section_(geometry),0,-0.116021645
Parallelogram,Circumference,0,-0.271624736
Pythagorean_theorem,Pythagorean_triple,0,-0.052292482
Similarity_(geometry),Sphere,0,0.078422917
Special_right_triangles,Right_angle,1,0.184701186
Quadrilateral,Internal_and_external_angle,0,-0.407006179
Pythagorean_triple,Pythagorean_theorem,1,0.052292482
Circle,Geometry,1,0.170757747
Point_(geometry),Quadrilateral,0,0.119803672
Pythagorean_triple,Right_triangle,1,0.058699818
Radius,Sine,0,-0.121591294
Line_segment,Pythagorean_triple,0,0.008988392
Line_(geometry),Diameter,0,0.026088254
Quadrilateral,Collinearity,0,-0.135667387
Two-dimensional_space,Nonagon,0,-0.017981966
Circle,Vertex_(geometry),0,0.094031143
Two-dimensional_space,Plane_(geometry),1,0.312759499
Dodecagon,Angle,1,0.082473712
Vertex_(geometry),Heptagon,0,-0.388296828
Chord_(geometry),Angle,0,0.547281969
Symmetry,Parallelogram,0,0.022463678
Cylinder_(geometry),Perpendicular,0,0.041482961
Coordinate_system,Geometry,1,0.163907806
Circle,Bisection,0,-0.323898935
Polygon,Octagon,0,-0.07140996
Perpendicular,Coordinate_system,0,-0.006717757
Midpoint,Altitude_(triangle),0,0.106868992
Point_(geometry),Star_polygon,0,0.014525837
Line_(geometry),Pyramid_(geometry),0,0.152261065
Edge_(geometry),Right_triangle,0,-0.278119478
Bisection,Triangle,0,0.395479401
Parallelogram,Angle,1,0.181446646
Point_(geometry),Hexagon,0,0.037512637
Dodecagon,Polyhedron,0,0.098638103
Kite_(geometry),Angle,1,0.081633989
Circumference,Arc_(geometry),0,0.199887095
Line_(geometry),Convex_polygon,0,-0.013039925
Convex_polygon,Geometry,1,0.425576825
Parallel_(geometry),Perpendicular,0,0.006609734
Line_segment,Vertex_(geometry),0,0.129629116
Scale_factor,Scaling_(geometry),0,0
Line_segment,Dodecagon,0,-0.062656921
Rhombus,Perpendicular,0,-0.101002029
Pentagon,Edge_(geometry),1,0.248361497
Perpendicular,Angle,1,0.231789206
Parallel_(geometry),Angle,0,0.220373909
Perpendicular,Two-dimensional_space,0,-0.169135761
Rectangle,Point_(geometry),1,-0.133169827
Diameter,Radius,1,-0.129362231
Midpoint,Plane_(geometry),0,0.289315465
Rhombus,Edge_(geometry),1,0.331113491
Vertex_(geometry),Nonagon,0,-0.488965704
Tangent,Sine,0,-0.065410671
Right_triangle,Polygon,1,0.171336005
Point_(geometry),Secant_line,0,-0.056073863
Reflection_symmetry,Line_(geometry),1,0.145569588
Line_segment,Pentagon,0,-0.072466103
Parallel_(geometry),Skew_lines,0,-0.230159183
Acute_and_obtuse_triangles,Vertex_(geometry),1,0.517174256
Quadrilateral,Triangle_inequality,0,-0.101304726
Line_(geometry),Plane_(geometry),0,0.205804298
Chord_(geometry),Pythagorean_theorem,0,0.570199087
Rotational_symmetry,Trapezoid,0,0.006410476
Rhombus,Parallelogram,1,-0.143037336
Acute_and_obtuse_triangles,Triangle,1,0.394311801
Trigonometric_functions,Line_(geometry),1,0.034922906
Parallelogram,Convex_polygon,0,-0.088658118
Arc_length,Distance,1,-0.040115334
Circle,Diameter,0,-0.059617449
Rhombus,Vertex_(geometry),1,0.45637324
Edge_(geometry),Trigonometric_functions,0,0.013833759
Geometry,Star_polygon,0,-0.403802744
Acute_and_obtuse_triangles,Polygon,1,0.296484739
Right_angle,Geometry,1,0.283738463
Sine,Trigonometric_functions,1,0.239993655
Edge_(geometry),Hendecagon,0,-0.374098603
Polygon,Right_triangle,0,-0.171336005
Circle,Sine,0,-0.133912114
Altitude_(triangle),Geometry,1,0.257199787
Line_(geometry),Kite_(geometry),0,0.175331205
Inverse_trigonometric_functions,Line_segment,1,0.070446265
Equilateral_triangle,Angle,1,0.060718806
Midpoint,Point_(geometry),1,0.106775365
Chord_(geometry),Sine,0,-0.164892943
Line_(geometry),Reflection_symmetry,0,-0.145569588
Right_triangle,Altitude_(triangle),0,0.028029619
Heptagon,Radius,0,0.029736905
Collinearity,Cone,0,0.034788549
Trapezoid,Geometry,1,0.27301847
Line_segment,Collinearity,0,-0.112069829
Circle,Two-dimensional_space,0,-0.274049362
Polyhedron,Geometry,1,0.2864653
Polyhedron,Point_(geometry),1,-0.091329258
Angle,Reflection_(mathematics),0,-0.172250324
Cross_section_(geometry),Geometry,1,0.176162273
Triangle,Arc_length,0,-0.050990797
Polygon,Quadrilateral,0,-0.205659656
Translation_(geometry),Distance,0,0.04328519
Line_(geometry),Prism_(geometry),0,-0.053970826
Equilateral_triangle,Geometry,1,0.434921922
Polygon,Rectangle,0,-0.197742183
Octagon,Line_segment,1,0.051658477
Geometry,Cylinder_(geometry),0,-0.367442438
Perpendicular,Trapezoid,0,0.078086176
Symmetry,Translation_(geometry),0,0.002106403
Point_(geometry),Angle_bisector_theorem,0,-0.012511869
Triangle_inequality,Arc_length,0,2.36964E-05
Vertex_(geometry),Polygon,0,-0.213616079
Diameter,Line_segment,1,-0.017729519
Vertex_(geometry),Altitude_(triangle),0,-0.225324784
Line_(geometry),Secant_line,0,-0.061934245
Circumference,Polygon,0,0.319958545
Polyhedron,Line_(geometry),1,-0.081358834
Cylinder_(geometry),Tangent,0,0.067794915
Geometry,Decagon,0,-0.566034963
Polygon,Hendecagon,0,-0.280755944
Angle,Distance,0,-0.022533414
Bisection,Congruence_(geometry),0,0.098082253
Geometry,Square,0,-0.327419265
Decagon,Edge_(geometry),1,0.406216833
Altitude_(triangle),Line_(geometry),1,-0.084175783
Rotation_(mathematics),Distance,0,0.035461179
Vertex_(geometry),Star_polygon,0,-0.370776244
Line_(geometry),Angle,0,0.188187513
Self-similarity,Similarity_(geometry),1,-0.008889654
Rhombus,Square,0,0.130128403
Altitude_(triangle),Point_(geometry),1,0.019105053
Edge_(geometry),Line_(geometry),1,0.041499863
Reflection_symmetry,Reflection_(mathematics),1,0.147043801
Pythagorean_theorem,Arc_length,0,-0.065026101
Geometry,Prism_(geometry),0,-0.615823672
Trigonometric_functions,Chord_(geometry),0,0.05809309
Acute_and_obtuse_triangles,Right_triangle,0,0.151825913
Cylinder_(geometry),Radius,0,0.066803698
Inverse_trigonometric_functions,Tangent,0,0.00469259
Geometry,Symmetry,0,-0.076175919
Angle_bisector_theorem,Point_(geometry),1,0.012511869
Rotation_(mathematics),Rigid_transformation,0,-0.285260208
Star_polygon,Vertex_(geometry),1,0.370776244
Convex_polygon,Point_(geometry),1,-0.023437395
Point_(geometry),Radius,0,-0.157429455
Cylinder_(geometry),Polyhedron,0,0.281853785
Pythagorean_triple,Line_(geometry),1,0.010795871
Parallel_(geometry),Tangent,0,-0.015424169
Line_segment,Arc_(geometry),0,0.163086316
Reflection_symmetry,Geometry,1,0.321348286
Polygon,Rhombus,0,-0.19504699
Point_(geometry),Isosceles_triangle,0,0.0327614
Triangle,Altitude_(triangle),0,-0.203808148
Line_(geometry),Trapezoid,0,0.138594974
Rhombus,Sine,0,-0.026430412
Line_(geometry),Pythagorean_triple,0,-0.010795871
Cartesian_coordinate_system,Two-dimensional_space,1,-0.162177392
Special_right_triangles,Line_segment,1,0.213084877
Vertex_(geometry),Pyramid_(geometry),0,-0.468528465
Geometry,Midpoint,0,-0.455362218
Special_right_triangles,Circle,0,0.206879437
Pentagon,Point_(geometry),1,-0.043861807
Right_triangle,Isosceles_triangle,0,0.254503194
Pythagorean_triple,Polygon,1,0.031750108
Angle_bisector_theorem,Geometry,1,0.242257842
Circle,Slope,0,-0.060560373
Geometry,Similarity_(geometry),0,-0.167292339
Point_(geometry),Midpoint,0,-0.106775365
Line_(geometry),Decagon,0,-0.030740574
Point_(geometry),Arc_length,0,-0.054750894
Angle,Perpendicular,0,-0.231789206
Nonagon,Line_segment,1,0.110771062
Reflection_(mathematics),Circle,0,0.060882189
Perpendicular,Vertex_(geometry),0,0.25117325
Vertex_(geometry),Rectangle,0,-0.396927924
Square,Trapezoid,0,-0.254083612
Rhombus,Kite_(geometry),0,0.144223292
Rotational_symmetry,Line_(geometry),1,0.020087361
Inverse_trigonometric_functions,Geometry,1,0.060938667
Perpendicular,Internal_and_external_angle,0,-0.118119339
Quadrilateral,Reflection_symmetry,0,-0.155493496
Similarity_(geometry),Polygon,0,0.15825463
Vertex_(geometry),Prism_(geometry),0,-0.43936459
Point_(geometry),Geometry,1,0.204878931
Rhombus,Triangle,0,0.225245082
Circle,Internal_and_external_angle,0,-0.191079313
Isosceles_triangle,Geometry,1,0.269979363
Pythagorean_triple,Angle,1,0.075671107
Polyhedron,Diagonal,0,-0.196396117
Reflection_symmetry,Point_(geometry),1,0.125449278
Parallelogram,Rectangle,0,0.120729671
Face_(geometry),Plane_(geometry),0,0.080380273
Parallelogram,Line_segment,1,-0.083999591
Collinearity,Midpoint,0,0.043470347
Right_triangle,Diameter,0,0.045906982
Circumference,Distance,0,0.008124446
Arc_(geometry),Diameter,0,-0.118434467
Rhombus,Geometry,1,0.351067487
Cartesian_coordinate_system,Angle,1,0.061328654
Parallel_(geometry),Circle,0,0.166193884
Perpendicular,Chord_(geometry),0,-0.002775061
Point_(geometry),Transversal_(geometry),0,-0.24701324
Tangent,Isosceles_triangle,0,-0.035437738
Angle,Transversal_(geometry),0,-0.474041537
Equilateral_triangle,Line_(geometry),1,-0.031876843
Trapezoid,Line_(geometry),1,-0.138594974
Line_(geometry),Rectangle,0,0.140157358
Bisection,Line_segment,1,0.201186006
Geometry,Pentagon,0,-0.443312675
Right_angle,Rectangle,0,0.078494424
Rectangle,Translation_(geometry),0,-0.00622871
Similarity_(geometry),Circle,0,0.125269244
Congruence_(geometry),Vertex_(geometry),1,0.213495416
Right_angle,Triangle,0,0.171013146
Point_(geometry),Decagon,0,-0.017668389
Line_(geometry),Angle_bisector_theorem,0,-0.021436964
Exterior_angle_theorem,Midpoint,0,-0.038570245
Square,Symmetry,0,-0.023799772
Perpendicular,Angle_bisector_theorem,0,-0.027232413
Symmetry,Geometry,1,0.076175919
Angle,Right_angle,0,-0.411912466
Prism_(geometry),Distance,0,0.015631052
Midpoint,Angle,0,0.304055578
Line_(geometry),Midpoint,0,-0.192282819
Heptagon,Polygon,1,0.137336267
Square,Octagon,0,-0.106390308
Radius,Sphere,0,0.087632514
Diameter,Line_(geometry),1,-0.026088254
Line_segment,Rhombus,0,0.085102455
Point_(geometry),Tangent,0,-0.018759344
Point_(geometry),Diameter,0,-0.025974937
Rectangle,Polygon,1,0.197742183
Bisection,Diagonal,0,0.220301805
Polygon,Angle,1,0.028865527
Prism_(geometry),Line_(geometry),1,0.053970826
Symmetry,Rotational_symmetry,0,-0.212793424
Collinearity,Tangent,0,0.132428329
Diagonal,Edge_(geometry),1,0.225989193
Line_(geometry),Tangent,0,-0.034031076
Triangle,Point_(geometry),1,-0.144393163
Triangle_inequality,Line_(geometry),1,0.092661566
Angle,Trigonometric_functions,0,-0.12545385
Circle,Decagon,0,-0.142807151
Vertex_(geometry),Triangle_inequality,0,-0.115994526
Polygon,Nonagon,0,-0.31240283
Geometry,Tangent,0,-0.101796044
Acute_and_obtuse_triangles,Edge_(geometry),1,0.383538671
Triangle,Equilateral_triangle,0,-0.121900129
Angle,Square,0,-0.117016713
Triangle,Triangle_inequality,0,-0.122514288
Vertex_(geometry),Parallelogram,0,-0.425675272
Line_segment,Congruence_(geometry),0,-0.067279298
Triangle,Pythagorean_theorem,0,-0.064808573
Edge_(geometry),Pythagorean_triple,0,0.00850869
Line_segment,Inverse_trigonometric_functions,0,-0.070446265
Collinearity,Altitude_(triangle),0,0.083471266
Line_segment,Quadrilateral,0,0.117717329
Pentagon,Diagonal,0,-0.109748053
Bisection,Parallelogram,0,0.094691453
Two-dimensional_space,Coordinate_system,0,0.141701989
Trigonometric_functions,Tangent,0,-0.017648905
Dodecagon,Geometry,1,0.436145438
Hendecagon,Line_(geometry),1,0.021265687
Geometry,Radius,0,-0.206624274
Rotation_(mathematics),Space_(mathematics),0,0.014768047
Rotation_(mathematics),Rotational_symmetry,0,-0.059492028
Angle,Acute_and_obtuse_triangles,0,-0.181433525
Diameter,Distance,0,-0.010254247
Transversal_(geometry),Congruence_(geometry),0,0.322327949
Pythagorean_theorem,Isosceles_triangle,0,-0.019590699
Decagon,Line_segment,1,0.129979891
Line_segment,Right_triangle,0,-0.055895138
Edge_(geometry),Point_(geometry),1,0.026854357
Dodecagon,Hexagon,0,0.230364461
Point_(geometry),Rotational_symmetry,0,-0.02088116
Sine,Cartesian_coordinate_system,0,0.107340411
Pythagorean_theorem,Point_(geometry),1,-0.051949031
Edge_(geometry),Star_polygon,0,-0.256161844
Radius,Line_(geometry),1,0.099224079
Convex_polygon,Angle,1,0.129516274
Sphere,Polyhedron,0,-0.053730247
Trigonometric_functions,Right_triangle,0,0.012235263
Polygon,Hexagon,0,0.176435584
Square,Circle,0,-0.026611985
Tangent,Triangle,1,-0.03290625
Geometry,Hendecagon,0,-0.43456082
Heptagon,Edge_(geometry),1,0.296494134
Rectangle,Vertex_(geometry),1,0.396927924
Reflection_symmetry,Perpendicular,0,0.153053102
Reflection_symmetry,Rotational_symmetry,0,0.03548509
Point_(geometry),Vertex_(geometry),0,0.155813969
Prism_(geometry),Parallelogram,0,0.086114692
Rotation_(mathematics),Point_(geometry),1,0.108184052
Rigid_transformation,Line_(geometry),1,0.1760378
Collinearity,Distance,0,0.048836371
Rhombus,Line_segment,1,-0.085102455
Polygon,Pentagon,0,0.146084014
Kite_(geometry),Quadrilateral,1,-0.121821235
Vertex_(geometry),Point_(geometry),1,-0.155813969
Parallelogram,Tessellation,0,0.079552646
Geometry,Bisection,0,-0.418358816
Right_triangle,Tangent,0,0.059615221
Angle,Circumference,0,-0.314679159
Sine,Line_segment,1,0.063658112
Tangent,Edge_(geometry),1,-0.020605453
Edge_(geometry),Convex_polygon,0,-0.283423735
Pythagorean_theorem,Rigid_transformation,0,-0.082947404
Pyramid_(geometry),Line_(geometry),1,-0.152261065
Two-dimensional_space,Point_(geometry),1,0.244195992
Polygon,Exterior_angle_theorem,0,-0.048983435
Arc_length,Circle,1,0.074951485
Point_(geometry),Nonagon,0,0.005523341
Acute_and_obtuse_triangles,Point_(geometry),1,-0.018096208
Two-dimensional_space,Star_polygon,0,0.001034714
Line_(geometry),Square,0,0.183417922
Secant_line,Chord_(geometry),0,0.010810592
Acute_and_obtuse_triangles,Pyramid_(geometry),0,-0.012229511
Midpoint,Angle_bisector_theorem,0,0.078301061
Line_(geometry),Radius,0,-0.099224079
Acute_and_obtuse_triangles,Tangent,0,0.127494736
Prism_(geometry),Line_segment,1,0.104707699
Line_segment,Octagon,0,-0.051658477
Vertex_(geometry),Internal_and_external_angle,0,-0.287669152
Point_(geometry),Hendecagon,0,0.011834391
Geometry,Inverse_trigonometric_functions,0,-0.060938667
Point_(geometry),Angle,0,0.150578307
Line_segment,Cylinder_(geometry),0,-0.113875429
Line_segment,Similarity_(geometry),0,0.052057871
Geometry,Special_right_triangles,0,-0.366211779
Hexagon,Angle,1,0.049219151
Polyhedron,Vertex_(geometry),1,0.015976196
Triangle_inequality,Parallelogram,0,0.098602705
Plane_(geometry),Skew_lines,0,-0.283674174
Plane_(geometry),Coordinate_system,0,-0.3140948
Radius,Geometry,1,0.206624274
Equilateral_triangle,Square,0,-0.133570738
Parallel_(geometry),Point_(geometry),1,0.079316642
Similarity_(geometry),Square,0,0.125494242
Angle,Hendecagon,0,-0.141685705
Tessellation,Vertex_(geometry),0,-0.022553718
Angle_bisector_theorem,Sine,0,-0.033251796
Prism_(geometry),Parallel_(geometry),1,0.057999527
Tessellation,Kite_(geometry),0,-0.069741312
Point_(geometry),Rectangle,0,0.133169827
Angle_bisector_theorem,Edge_(geometry),1,0.048969779
Pythagorean_theorem,Altitude_(triangle),0,-0.015273351
Bisection,Line_(geometry),1,0.208398585
Diagonal,Point_(geometry),1,-0.068921334
Concentric,Sphere,0,0.201326337
Altitude_(triangle),Bisection,0,-0.138328435
Square,Coordinate_system,0,-0.054334758
Parallelogram,Pythagorean_theorem,0,-0.060018067
Parallel_(geometry),Distance,0,0.080570571
Edge_(geometry),Inverse_trigonometric_functions,0,0.016353096
Cylinder_(geometry),Concentric,0,-0.052624061
Rotational_symmetry,Cone,0,-0.024697836
Geometry,Parallelogram,0,-0.341859359
Decagon,Polygon,1,0.194593842
Pythagorean_triple,Geometry,1,0.090990095
Pythagorean_triple,Right_angle,1,-0.056193427
Special_right_triangles,Pythagorean_theorem,0,0.370887187
Congruence_(geometry),Geometry,1,0.16475156
Collinearity,Chord_(geometry),0,0.037479328
Distance,Arc_length,0,0.040115334
Similarity_(geometry),Midpoint,0,-0.163730057
Circle,Cone,0,-0.180171279
Convex_polygon,Pyramid_(geometry),0,-0.082832426
Geometry,Perpendicular,0,-0.275652496
Angle_bisector_theorem,Triangle,1,0.103110939
Polygon,Pyramid_(geometry),0,-0.280835309
Point_(geometry),Reflection_symmetry,0,-0.125449278
Pythagorean_triple,Vertex_(geometry),1,0.01298289
Triangle_inequality,Geometry,1,0.211293226
Isosceles_triangle,Line_segment,1,-0.026133957
Right_triangle,Circle,0,0.110698458
Cartesian_coordinate_system,Distance,1,0.002282085
Angle,Circle,0,-0.120686472
Similarity_(geometry),Reflection_(mathematics),0,0.09386469
Triangle,Sphere,0,-0.019755955
Convex_polygon,Kite_(geometry),0,0.384129497
Diameter,Geometry,1,0.188184488
Midpoint,Line_segment,1,0.214325931
Edge_(geometry),Special_right_triangles,0,-0.141986932
Tangent,Pyramid_(geometry),0,-0.049819284
Two-dimensional_space,Sphere,0,0.270906131
Rectangle,Square,0,0.154179879
Face_(geometry),Symmetry,0,0.155446328
Secant_line,Line_(geometry),1,0.061934245
Polyhedron,Polygon,1,0.025665976
Vertex_(geometry),Inverse_trigonometric_functions,0,-0.016818227
Perpendicular,Cartesian_coordinate_system,0,-0.008070936
Circle,Diagonal,0,0.020159665
Dodecagon,Point_(geometry),1,-0.027455984
Triangle_inequality,Pythagorean_triple,0,0.009964073
Grade_(slope),Angle,1,-0.003762739
Pyramid_(geometry),Angle,1,0.09241403
Sine,Edge_(geometry),1,0.003204422
Edge_(geometry),Sine,0,-0.003204422
Line_(geometry),Hexagon,0,0.025334436
Point_(geometry),Coordinate_system,0,-0.026239002
Isosceles_triangle,Vertex_(geometry),1,0.209218471
Edge_(geometry),Diagonal,0,-0.225989193
Perpendicular,Line_(geometry),1,0.038826877
Point_(geometry),Convex_polygon,0,0.023437395
Angle_bisector_theorem,Perpendicular,1,0.027232413
Triangle_inequality,Right_triangle,0,0.085681436
Similarity_(geometry),Pythagorean_triple,0,-0.048224016
Pentagon,Vertex_(geometry),1,0.383393236
Congruence_(geometry),Sphere,0,0.13689726
Altitude_(triangle),Tangent,0,0.078961134
Tangent,Polygon,1,-0.000969351
Collinearity,Point_(geometry),1,0.100389733
Cylinder_(geometry),Coordinate_system,0,0.047640298
Diameter,Kite_(geometry),0,0.088439568
Congruence_(geometry),Line_segment,1,0.067279298
Geometry,Rectangle,0,-0.26646204
Rectangle,Sphere,0,0.018115118
Diameter,Point_(geometry),1,0.025974937
Point_(geometry),Polyhedron,0,0.091329258
Square,Edge_(geometry),1,0.240830181
Circle,Secant_line,0,-0.055879404
Diameter,Decagon,0,-0.051160071
Prism_(geometry),Polygon,1,0.296402338
Right_angle,Trapezoid,0,0.041536733
Line_segment,Internal_and_external_angle,0,-0.20057955
Line_(geometry),Special_right_triangles,0,-0.118290721
Rhombus,Line_(geometry),1,-0.160476354
Inverse_trigonometric_functions,Angle,1,0.148740573
Edge_(geometry),Square,0,-0.240830181
Congruence_(geometry),Diameter,0,0.003904265
Pyramid_(geometry),Scaling_(geometry),0,-0.045542684
Parallel_(geometry),Line_(geometry),1,-0.008060184
Special_right_triangles,Triangle,1,0.394986344
Right_triangle,Pythagorean_triple,0,-0.058699818
Special_right_triangles,Pythagorean_triple,0,0.101239565
Tangent,Kite_(geometry),0,-0.057564066
Decagon,Angle,1,0.149461509
Line_(geometry),Quadrilateral,0,0.164302635
Radius,Line_segment,1,0.049628816
Edge_(geometry),Decagon,0,-0.406216833
Angle_bisector_theorem,Line_segment,1,0.046745218
Line_segment,Parallel_(geometry),0,0.012408736
Exterior_angle_theorem,Angle,1,0.639282613
Perpendicular,Quadrilateral,0,0.071763407
Cone,Cartesian_coordinate_system,0,0.13334472
Arc_length,Slope,0,-0.101902029
Circle,Convex_polygon,0,-0.163811738
Point_(geometry),Equilateral_triangle,0,0.048678051
Distance,Cartesian_coordinate_system,0,-0.002282085
Right_angle,Angle,1,0.411912466
Circle,Radius,0,-0.167327765
Heptagon,Geometry,1,0.420036654
Angle_bisector_theorem,Midpoint,1,-0.078301061
Congruence_(geometry),Isosceles_triangle,0,0.034132531
Arc_(geometry),Chord_(geometry),0,-0.011931498
Geometry,Sine,0,-0.134292215
Square,Reflection_symmetry,0,-0.146775245
Geometry,Line_(geometry),0,-0.233771912
Triangle,Geometry,1,0.216468519
Inverse_trigonometric_functions,Pythagorean_theorem,0,0.173382469
Hendecagon,Line_segment,1,0.082975645
Circle,Polygon,0,0.093708673
Star_polygon,Line_segment,1,0.063338141
Cartesian_coordinate_system,Perpendicular,1,0.008070936
Edge_(geometry),Face_(geometry),0,-0.122667389
Pentagon,Polygon,1,-0.146084014
Hendecagon,Vertex_(geometry),1,0.473887048
Geometry,Tessellation,0,-0.275334587
Internal_and_external_angle,Line_segment,1,0.20057955
Coordinate_system,Plane_(geometry),1,0.3140948
Polyhedron,Angle,1,0.030432575
Vertex_(geometry),Diagonal,0,-0.237953967
Special_right_triangles,Vertex_(geometry),1,0.243839678
Transversal_(geometry),Internal_and_external_angle,0,-0.071095865
Midpoint,Trapezoid,0,0.119600048
Slope,Line_(geometry),1,0.031651247
Two-dimensional_space,Decagon,0,-0.007218526
Midpoint,Isosceles_triangle,0,0.11363193
Polyhedron,Prism_(geometry),0,-0.348977972
Geometry,Point_(geometry),0,-0.204878931
Cone,Geometry,1,0.408233048
Square,Pythagorean_theorem,0,-0.100121392
Plane_(geometry),Tessellation,0,-0.009398831
Triangle,Tessellation,0,0.009572966
Similarity_(geometry),Self-similarity,0,0.008889654
Line_segment,Cross_section_(geometry),0,-0.046722057
Geometry,Rigid_transformation,0,-0.462127881
Polyhedron,Coordinate_system,0,-0.002360202
Star_polygon,Angle,1,0.065355138
Parallelogram,Parallel_(geometry),1,-0.031277698
Pentagon,Rotational_symmetry,0,-0.019992725
Point_(geometry),Chord_(geometry),0,-0.025102913
Polygon,Kite_(geometry),0,0.008943576
Right_triangle,Triangle,1,0.269608713
Trigonometric_functions,Inverse_trigonometric_functions,0,-0.074443708
Vertex_(geometry),Hexagon,0,-0.391501307
Angle,Space_(mathematics),0,-0.095807496
Line_(geometry),Rhombus,0,0.160476354
Point_(geometry),Sine,0,-0.034004451
Geometry,Two-dimensional_space,0,-0.41637835
Reflection_symmetry,Trapezoid,0,0.165301858
Diagonal,Angle,1,0.11725593
Right_triangle,Geometry,1,0.434071524
Line_(geometry),Distance,0,0.017755203
Quadrilateral,Square,0,0.134602437
Edge_(geometry),Vertex_(geometry),1,0.237614681
Translation_(geometry),Rigid_transformation,0,-0.262704184
Polygon,Space_(mathematics),0,-0.060076924
Polyhedron,Reflection_symmetry,0,-0.075965237
Symmetry,Rhombus,0,0.02716858
Point_(geometry),Congruence_(geometry),0,-0.004778972
Angle,Sine,0,-0.240983411
Vertex_(geometry),Isosceles_triangle,0,-0.209218471
Line_segment,Kite_(geometry),0,0.134622215
Vertex_(geometry),Equilateral_triangle,0,-0.362665195
Geometry,Arc_(geometry),0,-0.034034962
Vertex_(geometry),Exterior_angle_theorem,0,-0.053101077
Line_segment,Altitude_(triangle),0,0.092730842
Symmetry,Rigid_transformation,0,-0.256625619
Nonagon,Angle,1,0.14541457
Rectangle,Line_(geometry),1,-0.140157358
Radius,Cartesian_coordinate_system,0,0.16303718
Collinearity,Rectangle,0,0.127903475
Polyhedron,Cross_section_(geometry),0,-0.045320472
Triangle,Trigonometric_functions,0,-0.043530493
Perpendicular,Isosceles_triangle,0,0.017184581
Vertex_(geometry),Square,0,-0.411367038
Edge_(geometry),Hexagon,0,-0.201280731
Angle,Equilateral_triangle,0,-0.060718806
Radius,Polygon,0,0.186663748
Triangle_inequality,Distance,0,-0.012784872
Geometry,Quadrilateral,0,-0.226620166
Triangle,Acute_and_obtuse_triangles,0,-0.394311801
Diameter,Perpendicular,0,-0.024129238
Bisection,Isosceles_triangle,0,0.157579768
Symmetry,Trapezoid,0,-0.019043716
Geometry,Reflection_(mathematics),0,-0.321234527
Isosceles_triangle,Equilateral_triangle,0,-0.018407116
Square,Right_angle,1,-0.076763162
Point_(geometry),Special_right_triangles,0,-0.086830136
Pentagon,Angle,1,0.073634907
Parallel_(geometry),Square,0,0.062193306
Angle,Special_right_triangles,0,-0.363168802
Pythagorean_theorem,Parallelogram,0,0.060018067
Rigid_transformation,Point_(geometry),1,0.236049251
Triangle,Hexagon,0,-0.155106404
Triangle,Plane_(geometry),0,-0.005925101
Line_(geometry),Collinearity,0,-0.149160461
Reflection_symmetry,Symmetry,1,0.177156753
Line_(geometry),Skew_lines,0,-0.278382985
Pyramid_(geometry),Sphere,0,0.080408341
Exterior_angle_theorem,Edge_(geometry),1,0.021564923
Geometry,Kite_(geometry),0,-0.142260896
Point_(geometry),Rigid_transformation,0,-0.236049251
Special_right_triangles,Isosceles_triangle,0,0.230240423
Decagon,Line_(geometry),1,0.030740574
Coordinate_system,Right_angle,0,-0.018128157
Pythagorean_theorem,Perpendicular,0,-0.11256746
Circle,Distance,0,-0.013873504
Nonagon,Vertex_(geometry),1,0.488965704
Bisection,Tangent,0,0.202695493
Polyhedron,Rhombus,0,-0.165501447
Tessellation,Hexagon,0,-0.074284632
Rhombus,Cone,0,-0.153156629
Acute_and_obtuse_triangles,Altitude_(triangle),0,0.107423611
Triangle,Convex_polygon,0,-0.415333082
Edge_(geometry),Tangent,0,0.020605453
Sphere,Circle,1,0.00377059
Rhombus,Circle,0,0.041359626
Symmetry,Quadrilateral,0,0.000486167
Collinearity,Sphere,0,0.062691997
Heptagon,Point_(geometry),1,0.005464714
Line_segment,Prism_(geometry),0,-0.104707699
Hexagon,Geometry,1,0.509800344
Pyramid_(geometry),Edge_(geometry),1,0.290809882
Cross_section_(geometry),Plane_(geometry),1,0.079218739
Quadrilateral,Tessellation,0,0.054630385
Vertex_(geometry),Geometry,1,0.201738052
Angle,Diagonal,0,-0.11725593
Congruence_(geometry),Line_(geometry),1,0.048220843
Point_(geometry),Diagonal,0,0.068921334
Nonagon,Point_(geometry),1,-0.005523341
Angle,Internal_and_external_angle,0,-0.181310141
Rotation_(mathematics),Angle,1,0.154853436
Tangent,Distance,0,-0.012184444
Point_(geometry),Acute_and_obtuse_triangles,0,0.018096208
Cartesian_coordinate_system,Point_(geometry),1,0.038706474
Polygon,Concentric,0,-0.15911778
Point_(geometry),Octagon,0,0.022535805
Triangle_inequality,Line_segment,1,0.114069707
Angle,Tangent,0,-0.041979126
Point_(geometry),Line_(geometry),0,-0.080732343
Pentagon,Decagon,0,-0.253101439
Geometry,Trapezoid,0,-0.27301847
Bisection,Chord_(geometry),0,0.107333993
Decagon,Point_(geometry),1,0.017668389
Rotation_(mathematics),Symmetry,1,0.068310476
Acute_and_obtuse_triangles,Geometry,1,0.474091673
Pythagorean_theorem,Rectangle,0,0.052810991
Pythagorean_theorem,Line_segment,1,-0.066913803
Exterior_angle_theorem,Geometry,1,0.240744007
Symmetry,Prism_(geometry),0,-0.061938957
Exterior_angle_theorem,Point_(geometry),1,0.02648217
Rectangle,Quadrilateral,1,0.018001107
Geometry,Concentric,0,-0.258918075
Coordinate_system,Distance,0,0.033877455
Angle,Quadrilateral,0,-0.158876253
Altitude_(triangle),Equilateral_triangle,0,0.035309942
Vertex_(geometry),Decagon,0,-0.500245297
Perpendicular,Tangent,0,0.037299308
Rectangle,Internal_and_external_angle,0,-0.351470158
Square,Perpendicular,0,-0.144684988
Geometry,Right_angle,0,-0.283738463
Rectangle,Pyramid_(geometry),0,-0.098772225
Polygon,Point_(geometry),1,-0.192616928
Vertex_(geometry),Trigonometric_functions,0,0.004175758
Line_(geometry),Sphere,0,0.129677359
Midpoint,Coordinate_system,0,0.02591182
Line_segment,Convex_polygon,0,-0.02401841
Radius,Distance,0,0.002109229
Triangle,Edge_(geometry),1,0.16405013
Angle,Rigid_transformation,0,-0.246621423
Triangle,Similarity_(geometry),0,-0.153400676
Line_segment,Pyramid_(geometry),0,0.086860899
Tangent,Point_(geometry),1,0.018759344
Point_(geometry),Circle,0,0.061776951
Vertex_(geometry),Special_right_triangles,0,-0.243839678
Reflection_(mathematics),Symmetry,1,0.051031522
Reflection_symmetry,Kite_(geometry),0,0.141581971
Pyramid_(geometry),Triangle,0,0.327519937
Pyramid_(geometry),Geometry,1,0.4519427
Geometry,Self-similarity,0,-0.059609491
Quadrilateral,Line_(geometry),1,-0.164302635
Bisection,Perpendicular,1,0.170422213
Face_(geometry),Square,0,0.107855992
Tangent,Trigonometric_functions,1,0.017648905
Circle,Chord_(geometry),0,-0.07164916
Kite_(geometry),Vertex_(geometry),1,0.258716917
Tessellation,Plane_(geometry),1,0.009398831
Line_segment,Polygon,0,0.197135858
Diameter,Bisection,0,-0.185045013
Line_segment,Rectangle,0,0.070526086
Line_(geometry),Right_angle,0,-0.114506397
Rotational_symmetry,Scale_factor,0,0.026691189
Equilateral_triangle,Polygon,1,-0.225660348
Square,Parallel_(geometry),1,-0.062193306
Right_angle,Right_triangle,0,0.131350168
Congruence_(geometry),Distance,0,0.143822511
Concentric,Equilateral_triangle,0,0.091402898
Congruence_(geometry),Reflection_(mathematics),0,0.054085487
Geometry,Equilateral_triangle,0,-0.434921922
Circle,Acute_and_obtuse_triangles,0,-0.137715685
Geometry,Dodecagon,0,-0.436145438
Triangle,Pythagorean_triple,0,-0.049069692
Trigonometric_functions,Circle,0,0.068412679
Rhombus,Congruence_(geometry),0,-0.063995811
Square,Acute_and_obtuse_triangles,0,-0.263423299
Congruence_(geometry),Tessellation,0,0.065083001
Inverse_trigonometric_functions,Triangle,1,0.04686138
Line_(geometry),Parallelogram,0,0.179050885
Acute_and_obtuse_triangles,Line_segment,1,0.101113933
Angle,Pythagorean_triple,0,-0.075671107
Pythagorean_theorem,Trigonometric_functions,0,-0.167824576
Trigonometric_functions,Line_segment,1,0.017026311
Rigid_transformation,Distance,0,0.22486228
Circle,Sphere,0,-0.00377059
Line_segment,Polyhedron,0,0.046862824
Convex_polygon,Trapezoid,0,0.121641232
Special_right_triangles,Line_(geometry),1,0.118290721
Rhombus,Polygon,1,0.19504699
Rotation_(mathematics),Reflection_(mathematics),0,-0.080264267
Cylinder_(geometry),Angle,0,0.10757177
Rectangle,Bisection,0,-0.127092681
Rotation_(mathematics),Cartesian_coordinate_system,0,0.072267555
Point_(geometry),Bisection,0,-0.205316254
Skew_lines,Line_(geometry),1,0.278382985
Edge_(geometry),Octagon,0,-0.257002922
Line_(geometry),Diagonal,0,0.069241586
Sine,Line_(geometry),1,0.075491465
Point_(geometry),Sphere,0,0.113153491
Octagon,Edge_(geometry),1,0.257002922
Exterior_angle_theorem,Triangle,1,0.093392912
Grade_(slope),Point_(geometry),1,0.002158681
Similarity_(geometry),Isosceles_triangle,0,0.053239545
Hendecagon,Polygon,1,0.280755944
Tessellation,Polygon,0,-0.058066046
Dodecagon,Line_(geometry),1,-0.013054359
Cross_section_(geometry),Cylinder_(geometry),0,-0.008070987
Pythagorean_theorem,Two-dimensional_space,0,-0.188264344
Prism_(geometry),Congruence_(geometry),0,0.110203697
Rotational_symmetry,Perpendicular,0,0.084204219
Trigonometric_functions,Distance,0,0.011435746
Line_(geometry),Polyhedron,0,0.081358834
Diameter,Chord_(geometry),1,-0.032737427
Line_segment,Exterior_angle_theorem,0,-0.068838513
Geometry,Rhombus,0,-0.351067487
Quadrilateral,Edge_(geometry),1,0.205541373
Point_(geometry),Pythagorean_triple,0,-0.001717811
Rectangle,Edge_(geometry),1,0.297212484
Transversal_(geometry),Line_(geometry),1,0.338734507
Chord_(geometry),Diameter,0,0.032737427
Reflection_(mathematics),Point_(geometry),1,0.087590594
Geometry,Rotational_symmetry,0,-0.227907077
Line_segment,Equilateral_triangle,0,-0.023006481
Dodecagon,Line_segment,1,0.062656921
Collinearity,Triangle_inequality,0,0.043488896
Edge_(geometry),Heptagon,0,-0.296494134
Inverse_trigonometric_functions,Point_(geometry),1,0.024213042
Triangle,Circle,0,-0.06595148
Trigonometric_functions,Sine,0,-0.239993655
Heptagon,Two-dimensional_space,0,0.016583193
Quadrilateral,Convex_polygon,0,-0.1784533
Rhombus,Tangent,0,0.121381822
Trigonometric_functions,Similarity_(geometry),0,-0.057560546
Line_(geometry),Right_triangle,0,-0.012401004
Geometry,Pythagorean_theorem,0,-0.123822484
Line_segment,Hexagon,0,-0.00530962
Edge_(geometry),Rectangle,0,-0.297212484
Internal_and_external_angle,Edge_(geometry),1,0.137971297
Polygon,Isosceles_triangle,0,0.072412326
Two-dimensional_space,Geometry,1,0.41637835
Radius,Diameter,0,0.129362231
Rotational_symmetry,Rhombus,0,0.000208442
Similarity_(geometry),Space_(mathematics),0,-0.006595375
Line_(geometry),Equilateral_triangle,0,0.031876843
Circle,Trapezoid,0,-0.067426977
Octagon,Point_(geometry),1,-0.022535805
Geometry,Triangle_inequality,0,-0.211293226
Grade_(slope),Distance,0,0.004632801
Octagon,Line_(geometry),1,-0.007231065
Polygon,Square,0,0.131251734
Angle,Coordinate_system,0,-0.079408212
Right_angle,Point_(geometry),1,0.087518091
Parallel_(geometry),Slope,0,0.011200538
Dodecagon,Polygon,1,0.094986194
Prism_(geometry),Polyhedron,1,0.348977972
Vertex_(geometry),Angle_bisector_theorem,0,-0.108779271
Transversal_(geometry),Plane_(geometry),1,0.454007276
Internal_and_external_angle,Polygon,1,0.339172717
Line_segment,Triangle,0,0.117134182
Similarity_(geometry),Right_triangle,0,0.038103999
Plane_(geometry),Geometry,1,0.082464963
Line_(geometry),Circle,0,0.1182037
Perpendicular,Slope,0,0.000219357
Rhombus,Trapezoid,0,-0.127856346
Line_(geometry),Trigonometric_functions,0,-0.034922906
Tangent,Arc_length,0,0.025391654
Diagonal,Kite_(geometry),0,0.087438922
Quadrilateral,Rectangle,0,-0.018001107
Triangle_inequality,Edge_(geometry),1,0.054011044
Parallelogram,Face_(geometry),0,0.000190965
Quadrilateral,Midpoint,0,-0.194587009
Quadrilateral,Rhombus,0,0.010650002
Rectangle,Triangle,0,0.241017068
Geometry,Edge_(geometry),0,-0.348920911
Similarity_(geometry),Rotation_(mathematics),0,0.020101304
Exterior_angle_theorem,Sphere,0,0.083689883
Rotational_symmetry,Equilateral_triangle,0,0.116765062
Edge_(geometry),Kite_(geometry),0,-0.160078871
Triangle_inequality,Angle,1,0.1947151
Special_right_triangles,Right_triangle,1,0.313710456
Line_(geometry),Internal_and_external_angle,0,-0.268244416
Star_polygon,Line_(geometry),1,0.004660056
Edge_(geometry),Altitude_(triangle),0,-0.019847616
Geometry,Slope,0,-0.070018359
Point_(geometry),Kite_(geometry),0,0.143863152
Arc_length,Tangent,0,-0.025391654
Circle,Triangle,0,0.06595148
Pythagorean_theorem,Similarity_(geometry),0,-0.080071279
Star_polygon,Point_(geometry),1,-0.014525837
Right_triangle,Sine,0,-0.112346014
Midpoint,Right_triangle,0,0.059001895
Plane_(geometry),Cartesian_coordinate_system,0,-0.136660545
Diameter,Sphere,0,0.0983994
Angle,Inverse_trigonometric_functions,0,-0.148740573
Rigid_transformation,Angle,1,0.246621423
Square,Angle,1,0.117016713
Geometry,Triangle,0,-0.216468519
Quadrilateral,Hexagon,0,0.202753499
Line_(geometry),Geometry,1,0.233771912
Line_segment,Heptagon,0,-0.08750126
Angle_bisector_theorem,Line_(geometry),1,0.021436964
Translation_(geometry),Coordinate_system,0,0.019452948
Angle,Star_polygon,0,-0.065355138
Vertex_(geometry),Pythagorean_triple,0,-0.01298289
Angle,Line_(geometry),1,-0.188187513
Arc_(geometry),Plane_(geometry),0,-0.018222914
Angle,Reflection_symmetry,0,-0.242781505
Midpoint,Tangent,0,0.14595422
Vertex_(geometry),Sine,0,-0.044584938
Angle,Rotation_(mathematics),0,-0.154853436
Triangle_inequality,Pythagorean_theorem,0,0.263741749
Angle,Polygon,0,-0.028865527
Square,Line_(geometry),1,-0.183417922
Line_segment,Pythagorean_theorem,0,0.066913803
Quadrilateral,Parallelogram,0,-0.088382329
Line_(geometry),Octagon,0,0.007231065
Polygon,Polyhedron,0,-0.025665976
Polygon,Inverse_trigonometric_functions,0,-0.024950466
Rhombus,Face_(geometry),0,0.078682585
Congruence_(geometry),Cartesian_coordinate_system,0,0.106123609
Face_(geometry),Rhombus,0,-0.078682585
Pyramid_(geometry),Plane_(geometry),0,-0.023816396
Polygon,Convex_polygon,0,-0.361059686
Line_segment,Distance,0,-0.000754082
Two-dimensional_space,Hendecagon,0,-0.014851689
Bisection,Trapezoid,0,0.044126141
Point_(geometry),Parallelogram,0,0.162415765
Congruence_(geometry),Polygon,1,0.272545784
Square,Rectangle,1,-0.154179879
Line_segment,Radius,0,-0.049628816
Vertex_(geometry),Edge_(geometry),0,-0.237614681
Angle,Polyhedron,0,-0.030432575
Line_(geometry),Line_segment,0,0.002311483
Skew_lines,Parallel_(geometry),1,0.230159183
Line_segment,Line_(geometry),1,-0.002311483
Parallelogram,Rhombus,0,0.143037336
Trapezoid,Parallelogram,0,0.012795894
Trigonometric_functions,Angle,1,0.12545385
Secant_line,Tangent,0,0.130694385
Right_angle,Perpendicular,0,0.132644283
Arc_(geometry),Perpendicular,0,-0.198818686
Geometry,Congruence_(geometry),0,-0.16475156
Pythagorean_theorem,Right_triangle,1,-0.006005198
Rhombus,Rectangle,0,-0.04260189
Congruence_(geometry),Edge_(geometry),1,0.008280391
Angle,Convex_polygon,0,-0.129516274
Triangle,Perpendicular,0,-0.172350426
Parallel_(geometry),Geometry,1,0.146085966
Rigid_transformation,Symmetry,1,0.256625619
Rectangle,Symmetry,0,0.006665296
Pentagon,Convex_polygon,0,-0.337579165
Bisection,Point_(geometry),1,0.205316254
Geometry,Circle,0,-0.170757747
Similarity_(geometry),Translation_(geometry),0,0.106024862
Coordinate_system,Arc_length,0,-0.006487011
Square,Line_segment,1,-0.121555324
Altitude_(triangle),Congruence_(geometry),0,-0.096881898
Isosceles_triangle,Triangle,1,0.028849391
Special_right_triangles,Rectangle,0,0.257377376
Square,Polygon,1,-0.131251734
Convex_polygon,Polygon,1,0.361059686
Point_(geometry),Inverse_trigonometric_functions,0,-0.024213042
Right_angle,Line_(geometry),1,0.114506397
Grade_(slope),Sine,0,-0.009251498
Angle,Vertex_(geometry),0,0.035279523
Bisection,Midpoint,1,0.175069529
Rotation_(mathematics),Geometry,1,0.236703696
Congruence_(geometry),Coordinate_system,0,0.026358301
Parallel_(geometry),Rhombus,0,0.024371135
Right_angle,Coordinate_system,0,0.018128157
Coordinate_system,Cartesian_coordinate_system,0,0.021717813
Edge_(geometry),Rhombus,0,-0.331113491
Reflection_symmetry,Triangle,0,0.206557489
Equilateral_triangle,Vertex_(geometry),1,0.362665195
Pentagon,Dodecagon,0,-0.176033852
Pythagorean_theorem,Vertex_(geometry),1,0.13037514
Kite_(geometry),Line_(geometry),1,-0.175331205
Rhombus,Diagonal,0,-0.034470121
Heptagon,Line_segment,1,0.08750126
Hexagon,Vertex_(geometry),1,0.391501307
Polygon,Parallelogram,0,-0.301471218
Secant_line,Geometry,1,0.09601434
Pythagorean_theorem,Cone,0,-0.121940007
Parallelogram,Congruence_(geometry),0,-0.101849518
Rhombus,Quadrilateral,1,-0.010650002
Polygon,Two-dimensional_space,0,-0.189065314
Point_(geometry),Pyramid_(geometry),0,0.096332668
Right_triangle,Point_(geometry),1,-0.020099939
Scaling_(geometry),Scale_factor,1,0
Rotational_symmetry,Quadrilateral,0,0.015043285
Isosceles_triangle,Edge_(geometry),1,0.173280403
Plane_(geometry),Two-dimensional_space,0,-0.312759499
Perpendicular,Congruence_(geometry),0,0.025313664
Edge_(geometry),Pythagorean_theorem,0,-0.015719675
Radius,Coordinate_system,0,0.096599827
Polyhedron,Edge_(geometry),1,-0.17364614
Symmetry,Perpendicular,0,-0.110918079
Geometry,Octagon,0,-0.406462368
Angle,Sphere,0,-0.068611682
Square,Geometry,1,0.327419265
Exterior_angle_theorem,Line_segment,1,0.068838513
Point_(geometry),Polygon,0,0.192616928
Similarity_(geometry),Angle,0,0.258135654
Edge_(geometry),Angle_bisector_theorem,0,-0.048969779
Polyhedron,Tessellation,0,0.027199312
Pyramid_(geometry),Cone,0,-0.126648557
Point_(geometry),Space_(mathematics),0,-0.038904803
Pythagorean_theorem,Sphere,0,0.031617904
Rotational_symmetry,Midpoint,0,-0.020950822
Circle,Cartesian_coordinate_system,0,-0.027408267
Pythagorean_triple,Line_segment,1,-0.008988392
Sine,Geometry,1,0.134292215
Tangent,Angle,1,0.041979126
Square,Hexagon,0,0.076453573
Line_(geometry),Inverse_trigonometric_functions,0,-0.044058439
Point_(geometry),Square,0,0.175317324
Angle,Triangle_inequality,0,-0.1947151
Line_segment,Translation_(geometry),0,-0.014702441
Vertex_(geometry),Right_triangle,0,-0.445224858
Geometry,Trigonometric_functions,0,-0.068124694
Reflection_(mathematics),Rigid_transformation,0,-0.272265626
Rectangle,Right_angle,1,-0.078494424
Triangle_inequality,Internal_and_external_angle,0,0.010712616
Angle,Cone,0,-0.173812793
Chord_(geometry),Point_(geometry),1,0.025102913
Reflection_(mathematics),Cartesian_coordinate_system,0,0.053915214
Point_(geometry),Line_segment,0,-0.020813379
Line_segment,Trigonometric_functions,0,-0.017026311
Triangle,Isosceles_triangle,0,-0.028849391
Pythagorean_theorem,Edge_(geometry),1,0.015719675
Self-similarity,Symmetry,1,0.060522549
Altitude_(triangle),Triangle,1,0.203808148
Tangent,Cross_section_(geometry),0,-0.055812648
Sine,Point_(geometry),1,0.034004451
Geometry,Hexagon,0,-0.509800344
Square,Circumference,0,-0.292307399
Convex_polygon,Edge_(geometry),1,0.283423735
Kite_(geometry),Point_(geometry),1,-0.143863152
Face_(geometry),Polygon,0,0.147400209
Polygon,Symmetry,0,-0.0821609
Rhombus,Internal_and_external_angle,0,-0.271201958
Right_angle,Pythagorean_triple,0,0.056193427
Collinearity,Plane_(geometry),0,0.236421041
Point_(geometry),Exterior_angle_theorem,0,-0.02648217
Perpendicular,Skew_lines,0,-0.150911748
Reflection_(mathematics),Line_(geometry),1,0.14800475
Rectangle,Trapezoid,0,-0.112239216
Square,Kite_(geometry),0,0.015801859
Polygon,Altitude_(triangle),0,-0.173529137
Internal_and_external_angle,Vertex_(geometry),1,0.287669152
Diameter,Arc_length,0,-0.002669201
Rotational_symmetry,Point_(geometry),1,0.02088116
Angle,Congruence_(geometry),0,-0.177899942
Circle,Coordinate_system,0,-0.092149084
Translation_(geometry),Scaling_(geometry),0,-0.174659783
Vertex_(geometry),Quadrilateral,0,-0.361801979
Angle,Angle_bisector_theorem,0,-0.649103831
Line_(geometry),Cartesian_coordinate_system,0,-0.036445369
Vertex_(geometry),Hendecagon,0,-0.473887048
Reflection_(mathematics),Geometry,1,0.321234527
Right_angle,Cartesian_coordinate_system,0,0.10402311
Cartesian_coordinate_system,Geometry,1,0.143525317
Line_segment,Cone,0,-0.08985095
Quadrilateral,Distance,0,-0.003527309
Parallelogram,Right_triangle,0,0.101428517
Rhombus,Convex_polygon,0,-0.195117859
Angle_bisector_theorem,Polygon,1,0.077988263
Isosceles_triangle,Acute_and_obtuse_triangles,0,-0.361294989
Polygon,Star_polygon,0,-0.195625676
Rigid_transformation,Reflection_(mathematics),1,0.272265626
Polyhedron,Pyramid_(geometry),0,-0.336842874
Bisection,Angle_bisector_theorem,0,-0.015989819
Cylinder_(geometry),Circle,1,0.270052523
Transversal_(geometry),Perpendicular,0,0.238243245
Polyhedron,Line_segment,1,-0.046862824
Symmetry,Star_polygon,0,-0.046599424
Arc_length,Arc_(geometry),1,0.080299456
Trigonometric_functions,Point_(geometry),1,0.007192977
Star_polygon,Edge_(geometry),1,0.256161844
Line_segment,Skew_lines,0,-0.200588555
Diagonal,Isosceles_triangle,0,0.091328905
Congruence_(geometry),Space_(mathematics),0,-0.011173797
Line_segment,Point_(geometry),1,0.020813379
Perpendicular,Line_segment,0,0.032466225
Line_(geometry),Triangle_inequality,0,-0.092661566
Chord_(geometry),Line_(geometry),1,0.015759049
Kite_(geometry),Edge_(geometry),1,0.160078871
Parallelogram,Tangent,0,0.064626744
Polygon,Cross_section_(geometry),0,-0.088819849
Altitude_(triangle),Polygon,1,0.173529137
Line_(geometry),Rotational_symmetry,0,-0.020087361
Similarity_(geometry),Rhombus,0,0.095526329
Polygon,Pythagorean_triple,0,-0.031750108
Edge_(geometry),Polygon,0,-0.020459727
Diagonal,Square,0,0.094815567
Face_(geometry),Tessellation,0,0.344995705
Triangle_inequality,Triangle,1,0.122514288
Quadrilateral,Vertex_(geometry),1,0.361801979
Prism_(geometry),Square,0,0.197123487
Midpoint,Line_(geometry),1,0.192282819
Geometry,Plane_(geometry),0,-0.082464963
Rectangle,Perpendicular,0,-0.112091372
Slope,Tangent,0,0.075562248
Congruence_(geometry),Rhombus,0,0.063995811
Hendecagon,Geometry,1,0.43456082
Pentagon,Prism_(geometry),0,-0.268257742
Edge_(geometry),Congruence_(geometry),0,-0.008280391
Tangent,Hexagon,0,-0.050982281
Circle,Tangent,0,-0.040616084
Triangle,Coordinate_system,0,-0.044027755
Pythagorean_theorem,Congruence_(geometry),0,-0.107588715
Point_(geometry),Cartesian_coordinate_system,0,-0.038706474
Self-similarity,Geometry,1,0.059609491
Right_triangle,Right_angle,1,-0.131350168
Circle,Cylinder_(geometry),0,-0.270052523
Octagon,Angle,1,0.078628974
Arc_(geometry),Geometry,1,0.034034962
Polyhedron,Symmetry,0,-0.001209036
Point_(geometry),Rotation_(mathematics),0,-0.108184052
Point_(geometry),Trapezoid,0,0.141682291
Geometry,Angle,0,0.007219429
Diameter,Parallelogram,0,0.094987952
Line_segment,Geometry,1,0.285107352
Tangent,Line_(geometry),1,0.034031076
Pythagorean_theorem,Distance,0,-0.025923343
Parallelogram,Internal_and_external_angle,0,-0.333014967
Internal_and_external_angle,Exterior_angle_theorem,0,0.06357247
Slope,Secant_line,0,-0.048383764
Internal_and_external_angle,Line_(geometry),1,0.268244416
Circle,Angle_bisector_theorem,0,-0.109393451
Angle,Bisection,0,-0.255429718
Vertex_(geometry),Face_(geometry),0,-0.335841109
Slope,Geometry,1,0.070018359
Angle,Cartesian_coordinate_system,0,-0.061328654
Midpoint,Chord_(geometry),0,0.166449545
Polygon,Prism_(geometry),0,-0.296402338
Prism_(geometry),Geometry,1,0.615823672
Radius,Angle,0,0.120774473
Triangle_inequality,Vertex_(geometry),1,0.115994526
Right_triangle,Arc_length,0,-0.023741844
Pentagon,Line_(geometry),1,-0.006798127
Exterior_angle_theorem,Internal_and_external_angle,1,-0.06357247
Acute_and_obtuse_triangles,Hexagon,0,0.322209436
Triangle,Right_triangle,0,-0.269608713
Hexagon,Line_segment,1,0.00530962
Congruence_(geometry),Point_(geometry),1,0.004778972
Trigonometric_functions,Cartesian_coordinate_system,0,0.056070377
Right_angle,Square,0,0.076763162
Altitude_(triangle),Vertex_(geometry),1,0.225324784
Similarity_(geometry),Altitude_(triangle),0,0.009442364
Translation_(geometry),Cartesian_coordinate_system,0,0.059812251
Right_triangle,Acute_and_obtuse_triangles,0,-0.151825913
Line_(geometry),Congruence_(geometry),0,-0.048220843
Geometry,Cone,0,-0.408233048
Altitude_(triangle),Isosceles_triangle,0,0.041334376
Triangle,Inverse_trigonometric_functions,0,-0.04686138
Rotation_(mathematics),Sphere,0,0.086708856
Nonagon,Line_(geometry),1,0.023973267
Quadrilateral,Polygon,1,0.205659656
Pythagorean_theorem,Sine,0,-0.270622089
Edge_(geometry),Triangle_inequality,0,-0.054011044
Equilateral_triangle,Line_segment,1,0.023006481
Pythagorean_theorem,Line_(geometry),1,-0.093149709
Point_(geometry),Reflection_(mathematics),0,-0.087590594
Circumference,Radius,0,-0.000183661
Rotational_symmetry,Tessellation,0,0.090373792
Hendecagon,Edge_(geometry),1,0.374098603
Perpendicular,Distance,0,0.032941726
Rectangle,Rotational_symmetry,0,-0.006494161
Polyhedron,Cartesian_coordinate_system,0,0.02428156
Point_(geometry),Dodecagon,0,0.027455984
Line_(geometry),Isosceles_triangle,0,0.021315402
Triangle,Polygon,1,-0.134222487
Triangle_inequality,Sphere,0,0.126988692
Diagonal,Convex_polygon,0,-0.059396291
Space_(mathematics),Cartesian_coordinate_system,0,0.023584252
Line_(geometry),Rigid_transformation,0,-0.1760378
Geometry,Sphere,0,0.008079055
Reflection_(mathematics),Angle,1,0.172250324
Point_(geometry),Pentagon,0,0.043861807
Point_(geometry),Collinearity,0,-0.100389733
Line_(geometry),Chord_(geometry),0,-0.015759049
Isosceles_triangle,Angle,1,0.083154563
Diameter,Tangent,0,0.026990563
Equilateral_triangle,Bisection,0,-0.108590118
Edge_(geometry),Triangle,0,-0.16405013
Right_triangle,Line_(geometry),1,0.012401004
Parallel_(geometry),Transversal_(geometry),0,-0.231814054
Triangle_inequality,Circle,0,0.197432463
Rotational_symmetry,Geometry,1,0.227907077
Vertex_(geometry),Congruence_(geometry),0,-0.213495416
Angle,Decagon,0,-0.149461509
Circumference,Arc_length,0,0.029437819
Prism_(geometry),Edge_(geometry),1,0.273271274
Square,Parallelogram,1,-0.255891909
Internal_and_external_angle,Point_(geometry),1,0.132029612
Line_(geometry),Heptagon,0,-0.020811254
Vertex_(geometry),Skew_lines,0,-0.079692445
Two-dimensional_space,Octagon,0,0.007665722
Reflection_symmetry,Angle,1,0.242781505
Plane_(geometry),Transversal_(geometry),0,-0.454007276
Right_angle,Special_right_triangles,0,-0.184701186
Geometry,Diagonal,0,-0.202253171
Rhombus,Circumference,0,-0.249999458
Parallelogram,Slope,0,-0.02015834
Symmetry,Similarity_(geometry),0,-0.090386026
Angle,Triangle,0,-0.097803696
Angle,Trapezoid,0,-0.183789975
Equilateral_triangle,Altitude_(triangle),0,-0.035309942
Pythagorean_theorem,Polygon,1,0.12287474
Parallelogram,Kite_(geometry),0,0.286315751
Geometry,Pythagorean_triple,0,-0.090990095
Trigonometric_functions,Vertex_(geometry),1,-0.004175758
Midpoint,Diagonal,0,0.222701559
Line_segment,Edge_(geometry),0,-0.08140722
Rectangle,Two-dimensional_space,0,-0.127691195
Parallel_(geometry),Parallelogram,0,0.031277698
Angle,Geometry,1,-0.007219429
Vertex_(geometry),Triangle,0,-0.145290967
Arc_(geometry),Tangent,0,-0.118474704
Slope,Distance,0,0.018685479
Geometry,Polygon,0,-0.325709218
Point_(geometry),Parallel_(geometry),0,-0.079316642
Distance,Altitude_(triangle),0,-0.017366862
Polyhedron,Trapezoid,0,-0.067913462
Quadrilateral,Angle,1,0.158876253
Hexagon,Edge_(geometry),1,0.201280731
Rectangle,Line_segment,1,-0.070526086
Circumference,Sphere,0,0.206722535
Similarity_(geometry),Sine,0,-0.060048828
Circumference,Rhombus,0,0.249999458
Geometry,Secant_line,0,-0.09601434
Angle,Rectangle,0,-0.155413332
Arc_length,Geometry,1,0.103325319
Line_segment,Angle_bisector_theorem,0,-0.046745218
Angle,Skew_lines,0,-0.226861894
Bisection,Acute_and_obtuse_triangles,0,-0.042585044
Prism_(geometry),Perpendicular,0,0.031483837
Congruence_(geometry),Similarity_(geometry),0,0.026579629
Line_(geometry),Pentagon,0,0.006798127
Right_triangle,Vertex_(geometry),1,0.445224858
Exterior_angle_theorem,Vertex_(geometry),1,0.053101077
Congruence_(geometry),Translation_(geometry),0,0.147834543
Star_polygon,Geometry,1,0.403802744
Perpendicular,Altitude_(triangle),0,0.019583053
Angle,Tessellation,0,-0.014479624
Vertex_(geometry),Pentagon,0,-0.383393236
Triangle,Angle,1,0.097803696
Circle,Circumference,0,-0.201629576
Parallel_(geometry),Plane_(geometry),0,0.163159788
Bisection,Rhombus,0,0.114154539
Convex_polygon,Rhombus,0,0.195117859
Angle,Heptagon,0,-0.123993533
Line_(geometry),Exterior_angle_theorem,0,-0.048922
Tangent,Cone,0,-0.06768329
Radius,Point_(geometry),1,0.157429455
Square,Point_(geometry),1,-0.175317324
Diagonal,Geometry,1,0.202253171
Rotation_(mathematics),Reflection_symmetry,0,-0.071809139
Pentagon,Circle,0,0.041666361
Rotation_(mathematics),Line_(geometry),1,0.055695445
Isosceles_triangle,Polygon,1,-0.072412326
Tangent,Acute_and_obtuse_triangles,0,-0.127494736
Line_(geometry),Reflection_(mathematics),0,-0.14800475
Collinearity,Geometry,1,0.325001639
Geometry,Cartesian_coordinate_system,0,-0.143525317
Similarity_(geometry),Equilateral_triangle,0,0.078220383
Triangle,Distance,0,-0.008767748
Star_polygon,Octagon,0,0.113743497
Polygon,Dodecagon,0,-0.094986194
Concentric,Circle,0,0.187150863
Equilateral_triangle,Triangle,1,0.121900129
Polygon,Vertex_(geometry),1,0.213616079
Rhombus,Midpoint,0,-0.221425418
Polygon,Internal_and_external_angle,0,-0.339172717
Sine,Polygon,1,0.056309826
Triangle,Sine,0,-0.114083685
Angle,Exterior_angle_theorem,0,-0.639282613
Nonagon,Geometry,1,0.460983435
Cylinder_(geometry),Diameter,0,0.038600918
Internal_and_external_angle,Star_polygon,0,0.195908416
Dodecagon,Vertex_(geometry),1,0.403752855
Perpendicular,Cross_section_(geometry),0,-0.145013281
Pentagon,Internal_and_external_angle,0,-0.242887498
Skew_lines,Point_(geometry),1,0.239447599
Pythagorean_theorem,Acute_and_obtuse_triangles,0,-0.096589092
Altitude_(triangle),Circle,0,-0.032625587
Symmetry,Scaling_(geometry),0,-0.042462667
Slope,Point_(geometry),1,0.037673158
Plane_(geometry),Sphere,0,0.026655254
Inverse_trigonometric_functions,Edge_(geometry),1,-0.016353096
Rotation_(mathematics),Plane_(geometry),0,0.138668392
Right_triangle,Line_segment,1,0.055895138
Polyhedron,Face_(geometry),1,-0.199698697
Line_segment,Isosceles_triangle,0,0.026133957
Geometry,Line_segment,0,-0.285107352
Parallelogram,Line_(geometry),1,-0.179050885
Radius,Cone,0,-0.06986661
Star_polygon,Decagon,0,-0.006193203
Arc_length,Radius,0,-0.056238298
Pentagon,Geometry,1,0.443312675
Exterior_angle_theorem,Circle,0,0.124017267
Point_(geometry),Rhombus,0,0.15150748
Circumference,Geometry,1,0.310204452
Angle,Altitude_(triangle),0,-0.117518564
Rigid_transformation,Translation_(geometry),1,0.262704184
Point_(geometry),Altitude_(triangle),0,-0.019105053
Point_(geometry),Plane_(geometry),0,0.13474252
Star_polygon,Tessellation,0,0.098258301
Angle,Hexagon,0,-0.049219151
Geometry,Parallel_(geometry),0,-0.146085966
Tessellation,Sphere,0,0.048834681
Edge_(geometry),Tessellation,0,0.267747617
Isosceles_triangle,Rhombus,0,-0.168124687
Perpendicular,Kite_(geometry),0,0.140148092
Trigonometric_functions,Geometry,1,0.068124694
Symmetry,Reflection_symmetry,0,-0.177156753
Similarity_(geometry),Distance,0,0.095669105
Pythagorean_theorem,Angle,1,0.161814145
Line_(geometry),Triangle,0,0.202872187
Reflection_symmetry,Distance,0,0
Diagonal,Polygon,1,0.14659202
Rectangle,Similarity_(geometry),0,-0.076570624
Line_segment,Special_right_triangles,0,-0.213084877
Geometry,Translation_(geometry),0,-0.09638432
Angle,Octagon,0,-0.078628974
Square,Two-dimensional_space,0,-0.160026212
Circle,Perpendicular,0,-0.141002517
Triangle,Diameter,0,-0.105330736
Symmetry,Self-similarity,0,-0.060522549
Quadrilateral,Line_segment,1,-0.117717329
Line_(geometry),Rotation_(mathematics),0,-0.055695445
Triangle,Congruence_(geometry),0,-0.181450461
Equilateral_triangle,Pythagorean_theorem,0,-0.004891322
Midpoint,Bisection,0,-0.175069529
Triangle,Angle_bisector_theorem,0,-0.103110939
Point_(geometry),Skew_lines,0,-0.239447599
Prism_(geometry),Rectangle,0,0.149310476
Translation_(geometry),Symmetry,1,-0.002106403
Polygon,Line_(geometry),1,-0.218032745
Line_(geometry),Parallel_(geometry),0,0.008060184
Internal_and_external_angle,Angle,1,0.181310141
Special_right_triangles,Point_(geometry),1,0.086830136
Dodecagon,Two-dimensional_space,0,-0.007393202
Pyramid_(geometry),Isosceles_triangle,0,0.180633382
Pentagon,Line_segment,1,0.072466103
Altitude_(triangle),Acute_and_obtuse_triangles,0,-0.107423611
Parallelogram,Polygon,1,0.301471218
Pentagon,Quadrilateral,0,-0.15674001
Congruence_(geometry),Face_(geometry),0,-0.028899968
Kite_(geometry),Polygon,1,-0.008943576
Triangle,Tangent,0,0.03290625
Line_segment,Decagon,0,-0.129979891
Coordinate_system,Sine,0,-0.006032588
Angle,Prism_(geometry),0,-0.099204864
Reflection_symmetry,Circle,0,0.214817334
Arc_(geometry),Arc_length,0,-0.080299456
Perpendicular,Pyramid_(geometry),0,0.113966407
Tangent,Line_segment,1,-0.050050483
Arc_(geometry),Circle,1,0.009899603
Right_triangle,Angle,1,0.130201776
Transversal_(geometry),Point_(geometry),1,0.24701324
Line_segment,Tangent,0,0.050050483
Pyramid_(geometry),Rhombus,0,0.069250573
Prism_(geometry),Angle,1,0.099204864
Rectangle,Parallel_(geometry),1,-0.037981908
Line_(geometry),Polygon,0,0.218032745
Quadrilateral,Geometry,1,0.226620166
Quadrilateral,Point_(geometry),1,-0.119803672
Line_(geometry),Pythagorean_theorem,0,0.093149709
Plane_(geometry),Line_(geometry),0,-0.205804298
Grade_(slope),Line_(geometry),1,5.43746E-05
Rotational_symmetry,Symmetry,1,0.212793424
Edge_(geometry),Exterior_angle_theorem,0,-0.021564923
Line_(geometry),Dodecagon,0,0.013054359
Point_(geometry),Edge_(geometry),0,-0.026854357
Pythagorean_theorem,Right_angle,1,-0.129319172
Octagon,Geometry,1,0.406462368
Equilateral_triangle,Tessellation,0,0.055260456
Square,Bisection,0,-0.113498769
Coordinate_system,Two-dimensional_space,1,-0.141701989
Equilateral_triangle,Pyramid_(geometry),0,-0.232717126
Rectangle,Circle,0,5.4819E-05
Plane_(geometry),Cross_section_(geometry),0,-0.079218739
Square,Vertex_(geometry),1,0.411367038
Triangle,Bisection,0,-0.395479401
Triangle,Cartesian_coordinate_system,0,-0.033074247
Line_(geometry),Altitude_(triangle),0,0.084175783
Polygon,Pythagorean_theorem,0,-0.12287474
Line_segment,Diameter,0,0.017729519
Altitude_(triangle),Trigonometric_functions,0,-0.00260909
Parallelogram,Diagonal,0,-0.017171362
Point_(geometry),Right_triangle,0,0.020099939
Dodecagon,Edge_(geometry),1,0.277075013
Angle,Right_triangle,0,-0.130201776
Pentagon,Hexagon,0,0.068971526
Face_(geometry),Line_segment,0,0.208519002
Parallel_(geometry),Congruence_(geometry),0,0.064136867
Polygon,Diagonal,0,-0.14659202
Inverse_trigonometric_functions,Right_triangle,0,0.034363491
Midpoint,Triangle,0,0.392405043
Sine,Angle,1,0.240983411
Tangent,Geometry,1,0.101796044
Geometry,Pyramid_(geometry),0,-0.4519427
Cartesian_coordinate_system,Coordinate_system,1,-0.021717813
Geometry,Rotation_(mathematics),0,-0.236703696
Face_(geometry),Prism_(geometry),0,-0.141508693
Geometry,Face_(geometry),0,-0.619634999
Prism_(geometry),Vertex_(geometry),1,0.43936459
Congruence_(geometry),Angle,1,0.177899942
Parallelogram,Edge_(geometry),1,0.367940921
Line_(geometry),Nonagon,0,-0.023973267
Polygon,Triangle,0,0.134222487
Convex_polygon,Diameter,0,0.079490431
Trigonometric_functions,Polygon,1,0.018214501
Square,Tessellation,0,0.106978927
Pentagon,Special_right_triangles,0,-0.175717935
Pentagon,Two-dimensional_space,0,-0.027406392
Heptagon,Vertex_(geometry),1,0.388296828
Rotational_symmetry,Angle,1,0.117026155
Pyramid_(geometry),Line_segment,1,-0.086860899
Similarity_(geometry),Trapezoid,0,0.085387966
Reflection_(mathematics),Two-dimensional_space,0,-0.051876547
Right_angle,Pythagorean_theorem,0,0.129319172
Line_(geometry),Edge_(geometry),0,-0.041499863
Circle,Rotational_symmetry,0,-0.088694588
Quadrilateral,Circle,0,0.082284837
Cylinder_(geometry),Distance,0,0.021384765
Line_segment,Nonagon,0,-0.110771062
Line_(geometry),Sine,0,-0.075491465
Geometry,Grade_(slope),0,-0.01293957
Congruence_(geometry),Circle,0,0.12483578
Inverse_trigonometric_functions,Trigonometric_functions,1,0.074443708
Trigonometric_functions,Edge_(geometry),1,-0.013833759
Point_(geometry),Slope,0,-0.037673158
Circle,Arc_(geometry),0,-0.009899603
Internal_and_external_angle,Transversal_(geometry),0,0.071095865
Chord_(geometry),Geometry,1,0.221004998
Angle_bisector_theorem,Altitude_(triangle),0,0.031166542
Vertex_(geometry),Kite_(geometry),0,-0.258716917
Circle,Pythagorean_theorem,0,0.034832031
Coordinate_system,Point_(geometry),1,0.026239002
Line_segment,Hendecagon,0,-0.082975645
Decagon,Geometry,1,0.566034963
Geometry,Diameter,0,-0.188184488
Polygon,Equilateral_triangle,0,0.225660348
Edge_(geometry),Line_segment,1,0.08140722
Point_(geometry),Triangle_inequality,0,-0.110606675
Rigid_transformation,Rotation_(mathematics),1,0.285260208
Square,Quadrilateral,1,-0.134602437
Triangle_inequality,Cone,0,-0.026462326
Trapezoid,Angle,1,0.183789975
Geometry,Angle_bisector_theorem,0,-0.242257842
Edge_(geometry),Polyhedron,0,0.17364614
Heptagon,Angle,1,0.123993533
Rectangle,Parallelogram,1,-0.120729671
Similarity_(geometry),Scale_factor,0,-0.004476147
Radius,Circle,1,0.167327765
Rigid_transformation,Geometry,1,0.462127881
Quadrilateral,Diagonal,0,0.053080574
Slope,Grade_(slope),0,-0.015027159
Cone,Polygon,0,0.19844371
Coordinate_system,Sphere,0,0.065377684
Rectangle,Angle,1,0.155413332
Pythagorean_theorem,Convex_polygon,0,-0.073484637
Pythagorean_theorem,Triangle,1,0.064808573
Sphere,Geometry,1,-0.008079055
Geometry,Vertex_(geometry),0,-0.201738052
Angle,Nonagon,0,-0.14541457
Edge_(geometry),Quadrilateral,0,-0.205541373
Angle,Dodecagon,0,-0.082473712
Collinearity,Hexagon,0,0.10483585
Geometry,Acute_and_obtuse_triangles,0,-0.474091673
Rhombus,Parallel_(geometry),1,-0.024371135
Geometry,Transversal_(geometry),0,-0.450364295
Pythagorean_triple,Triangle,1,0.049069692
Geometry,Arc_length,0,-0.103325319
Polygon,Sphere,0,-0.026760853
Hendecagon,Angle,1,0.141685705
Equilateral_triangle,Right_triangle,0,-0.224265487
Secant_line,Point_(geometry),1,0.056073863
Line_segment,Angle,0,0.248682133
Prism_(geometry),Cross_section_(geometry),0,0.000339283
Geometry,Coordinate_system,0,-0.163907806
Polygon,Rotational_symmetry,0,-0.080396043
Triangle,Rectangle,0,-0.241017068
Transversal_(geometry),Angle,1,0.474041537
Inverse_trigonometric_functions,Line_(geometry),1,0.044058439
Bisection,Collinearity,0,-0.038311302
Prism_(geometry),Point_(geometry),1,0.071062352
Parallelogram,Distance,0,0.022765532
Circumference,Trapezoid,0,0.230391724
Arc_(geometry),Angle,0,0.106846976
Symmetry,Altitude_(triangle),0,0.03370784
Line_(geometry),Grade_(slope),0,-5.43746E-05
Right_triangle,Distance,0,-0.022596017
Altitude_(triangle),Right_triangle,0,-0.028029619
Bisection,Internal_and_external_angle,0,-0.107198219
Quadrilateral,Tangent,0,0.092602923
Polygon,Geometry,1,0.325709218
Circumference,Circle,1,0.201629576
Rectangle,Midpoint,0,-0.136471854
Isosceles_triangle,Kite_(geometry),0,-0.035672368
Point_(geometry),Triangle,0,0.144393163
Inverse_trigonometric_functions,Polygon,1,0.024950466
Face_(geometry),Polyhedron,0,0.199698697
Polygon,Heptagon,0,-0.137336267
Bisection,Convex_polygon,0,0.044748594
Star_polygon,Hexagon,0,0.259469939
Congruence_(geometry),Sine,0,-0.038426094
Geometry,Cross_section_(geometry),0,-0.176162273
Right_triangle,Kite_(geometry),0,0.19630356
Diagonal,Vertex_(geometry),1,0.237953967
Geometry,Right_triangle,0,-0.434071524
Midpoint,Polygon,0,0.295050583
Diagonal,Line_segment,1,-0.025368987
Rectangle,Tessellation,0,0.087929107
Trigonometric_functions,Triangle,1,0.043530493
Edge_(geometry),Dodecagon,0,-0.277075013
Diameter,Midpoint,0,-0.197590971
Triangle,Line_(geometry),1,-0.202872187
Triangle,Exterior_angle_theorem,0,-0.093392912
Sine,Triangle,1,0.114083685
Point_(geometry),Internal_and_external_angle,0,-0.132029612
Perpendicular,Bisection,0,-0.170422213
Trigonometric_functions,Radius,0,0.020781734
Prism_(geometry),Cylinder_(geometry),0,-0.185598707
Line_(geometry),Point_(geometry),1,0.080732343
Quadrilateral,Trapezoid,0,-0.144179186
Rotational_symmetry,Rotation_(mathematics),1,0.059492028
Convex_polygon,Vertex_(geometry),1,0.484410843
Reflection_(mathematics),Perpendicular,0,0.030665714
Point_(geometry),Perpendicular,0,-0.076269254
Vertex_(geometry),Acute_and_obtuse_triangles,0,-0.517174256
Cylinder_(geometry),Sphere,0,0.233593938
Acute_and_obtuse_triangles,Angle,1,0.181433525
Geometry,Altitude_(triangle),0,-0.257199787
Edge_(geometry),Geometry,1,0.348920911
Point_(geometry),Heptagon,0,-0.005464714
Vertex_(geometry),Dodecagon,0,-0.403752855
Line_(geometry),Slope,0,-0.031651247
Trapezoid,Point_(geometry),1,-0.141682291
Pentagon,Star_polygon,0,-0.196369691
Parallelogram,Geometry,1,0.341859359
Angle_bisector_theorem,Angle,1,0.649103831
Kite_(geometry),Geometry,1,0.142260896
Polygon,Decagon,0,-0.194593842
Scaling_(geometry),Similarity_(geometry),0,0.004476147
Triangle,Midpoint,0,-0.392405043
Cartesian_coordinate_system,Plane_(geometry),1,0.136660545
Quadrilateral,Bisection,0,-0.237071061
Angle,Grade_(slope),0,0.003762739
Point_(geometry),Grade_(slope),0,-0.002158681
Right_triangle,Square,0,0.137946375
Circle,Arc_length,0,-0.074951485
Skew_lines,Plane_(geometry),1,0.283674174
Triangle_inequality,Polygon,1,0.142912764
Hexagon,Polygon,1,-0.176435584
Prism_(geometry),Face_(geometry),1,0.141508693
Line_(geometry),Transversal_(geometry),0,-0.338734507
Point_(geometry),Pythagorean_theorem,0,0.051949031
Edge_(geometry),Pyramid_(geometry),0,-0.290809882
Line_segment,Star_polygon,0,-0.063338141
Symmetry,Rotation_(mathematics),0,-0.068310476
Angle,Rhombus,0,-0.18830634
Cylinder_(geometry),Cone,0,0.024929503
Pythagorean_triple,Edge_(geometry),1,-0.00850869
Geometry,Internal_and_external_angle,0,-0.433122974
Midpoint,Geometry,1,0.455362218
Convex_polygon,Tessellation,0,0.090625704
Midpoint,Vertex_(geometry),0,0.475981567
Bisection,Circle,0,0.323898935
Geometry,Circumference,0,-0.310204452
Rectangle,Geometry,1,0.26646204
Polygon,Special_right_triangles,0,-0.261704455
Two-dimensional_space,Hexagon,0,0.034373211
Angle,Diameter,0,-0.184358902
Geometry,Collinearity,0,-0.325001639
Diagonal,Line_(geometry),1,-0.069241586
Acute_and_obtuse_triangles,Equilateral_triangle,0,0.37409561
Midpoint,Distance,0,0.043478782
Line_(geometry),Perpendicular,0,-0.038826877
Geometry,Reflection_symmetry,0,-0.321348286
Point_(geometry),Right_angle,0,-0.087518091
Perpendicular,Diagonal,0,0.10955762
Midpoint,Circle,0,0.297927697
Tessellation,Symmetry,0,-0.046205285
Tangent,Grade_(slope),0,0.007315757
Parallelogram,Triangle,0,0.309315397
Line_(geometry),Hendecagon,0,-0.021265687
Face_(geometry),Geometry,1,0.619634999
Rotation_(mathematics),Translation_(geometry),0,-0.026550388
Special_right_triangles,Edge_(geometry),1,0.141986932
Convex_polygon,Isosceles_triangle,0,0.414165801
Octagon,Vertex_(geometry),1,0.395511852
Line_segment,Chord_(geometry),0,-0.054635713
Triangle,Vertex_(geometry),1,0.145290967
Equilateral_triangle,Reflection_symmetry,0,-0.113087921
Equilateral_triangle,Hexagon,0,0.014289114
Geometry,Nonagon,0,-0.460983435
Special_right_triangles,Angle,1,0.363168802
Triangle,Quadrilateral,0,-0.254936296
Parallel_(geometry),Sphere,0,0.128706218
Polygon,Trigonometric_functions,0,-0.018214501
Line_segment,Sine,0,-0.063658112
Angle,Kite_(geometry),0,-0.081633989
Arc_length,Angle,0,0.024250303
Two-dimensional_space,Cartesian_coordinate_system,0,0.162177392
Perpendicular,Acute_and_obtuse_triangles,0,-0.077998384
Altitude_(triangle),Line_segment,1,-0.092730842
Rectangle,Convex_polygon,0,-0.233254604
Edge_(geometry),Prism_(geometry),0,-0.273271274
Equilateral_triangle,Edge_(geometry),1,0.197933228
Vertex_(geometry),Octagon,0,-0.395511852
Slope,Sine,0,-0.026590766
Square,Distance,0,-0.020922776
Distance,Parallel_(geometry),0,-0.080570571
Reflection_(mathematics),Distance,0,0.027748088
Pythagorean_triple,Point_(geometry),1,0.001717811
Polygon,Triangle_inequality,0,-0.142912764
Collinearity,Circle,0,0.155661428
Special_right_triangles,Polygon,1,0.261704455
Rhombus,Point_(geometry),1,-0.15150748
Cylinder_(geometry),Cross_section_(geometry),0,0.008070987
Geometry,Polyhedron,0,-0.2864653
Hendecagon,Point_(geometry),1,-0.011834391
Nonagon,Edge_(geometry),1,0.392841318
Convex_polygon,Line_segment,1,0.02401841
Grade_(slope),Slope,1,0.015027159
Rotation_(mathematics),Circle,0,0.073495084
Diagonal,Rectangle,0,0.043191397
Quadrilateral,Kite_(geometry),0,0.121821235
Altitude_(triangle),Perpendicular,1,-0.019583053
Circumference,Pythagorean_theorem,0,0.190046227
Geometry,Chord_(geometry),0,-0.221004998
Octagon,Rotational_symmetry,0,-0.028590599
Geometry,Convex_polygon,0,-0.425576825
Scale_factor,Distance,0,0.022843062
Internal_and_external_angle,Convex_polygon,0,0.31663067
Chord_(geometry),Line_segment,1,0.054635713
Altitude_(triangle),Angle,1,0.117518564
Chord_(geometry),Circle,1,0.07164916
Symmetry,Reflection_(mathematics),0,-0.051031522
Skew_lines,Geometry,1,0.363508633
Diameter,Circle,1,0.059617449
Right_triangle,Pythagorean_theorem,0,0.006005198
Symmetry,Bisection,0,-0.096948653
Tessellation,Geometry,1,0.275334587
Line_(geometry),Star_polygon,0,-0.004660056
Right_triangle,Rectangle,0,0.030680535
Geometry,Heptagon,0,-0.420036654
Angle,Pyramid_(geometry),0,-0.09241403
Heptagon,Line_(geometry),1,0.020811254
Midpoint,Acute_and_obtuse_triangles,0,-0.034600651
Arc_(geometry),Bisection,0,-0.117439349
Slope,Angle,0,0.051687987
Cone,Circle,1,0.180171279
Kite_(geometry),Line_segment,1,-0.134622215
Rectangle,Reflection_symmetry,0,-0.188081765
Angle_bisector_theorem,Vertex_(geometry),1,0.108779271
Chord_(geometry),Arc_length,0,-0.015973191
Parallel_(geometry),Rectangle,0,0.037981908
Dodecagon,Star_polygon,0,-0.088201733
Octagon,Polygon,1,0.07140996
Perpendicular,Plane_(geometry),0,0.247420379
Special_right_triangles,Midpoint,0,0.054094979
Midpoint,Convex_polygon,0,0.095626993
Line_segment,Parallelogram,0,0.083999591
Polygon,Angle_bisector_theorem,0,-0.077988263
Midpoint,Perpendicular,0,0.168456679
Reflection_(mathematics),Rotation_(mathematics),1,0.080264267
Isosceles_triangle,Point_(geometry),1,-0.0327614
Geometry,Exterior_angle_theorem,0,-0.240744007
Triangle,Special_right_triangles,0,-0.394986344
Exterior_angle_theorem,Polygon,1,0.048983435
Bisection,Kite_(geometry),0,0.149994296
Line_(geometry),Acute_and_obtuse_triangles,0,-0.02918615
Perpendicular,Right_triangle,0,-0.085583423
Diagonal,Rhombus,0,0.034470121
Line_segment,Square,0,0.121555324
Point_(geometry),Prism_(geometry),0,-0.071062352
Pythagorean_theorem,Geometry,1,0.123822484
Isosceles_triangle,Line_(geometry),1,-0.021315402
Vertex_(geometry),Sphere,0,-0.032751758
Parallelogram,Point_(geometry),1,-0.162415765
Arc_length,Polygon,0,0.064539099
Trapezoid,Triangle,0,0.310972594
Sine,Vertex_(geometry),1,0.044584938
Polygon,Congruence_(geometry),0,-0.272545784
Line_segment,Diagonal,0,0.025368987
Pyramid_(geometry),Point_(geometry),1,-0.096332668
Edge_(geometry),Parallelogram,0,-0.367940921
Angle,Pentagon,0,-0.073634907
Pyramid_(geometry),Polygon,1,0.280835309
Midpoint,Symmetry,0,0.132318036
Line_segment,Acute_and_obtuse_triangles,0,-0.101113933
Point_(geometry),Trigonometric_functions,0,-0.007192977
Perpendicular,Point_(geometry),1,0.076269254
Right_triangle,Bisection,0,-0.128364805
Perpendicular,Geometry,1,0.275652496
Reflection_(mathematics),Reflection_symmetry,0,-0.147043801
Special_right_triangles,Trigonometric_functions,0,0.100625913
Radius,Perpendicular,0,0.129621381
Rhombus,Polyhedron,0,0.165501447
Angle_bisector_theorem,Bisection,1,0.015989819
Line_segment,Triangle_inequality,0,-0.114069707
Polyhedron,Star_polygon,0,-0.040568407
Parallelogram,Square,0,0.255891909
Altitude_(triangle),Edge_(geometry),1,0.019847616
Right_triangle,Edge_(geometry),1,0.278119478
Geometry,Distance,0,-0.038598787
Cylinder_(geometry),Geometry,1,0.367442438
Line_segment,Midpoint,0,-0.214325931
Acute_and_obtuse_triangles,Line_(geometry),1,0.02918615
Triangle,Rhombus,0,-0.225245082
Line_segment,Arc_length,0,-0.013153341
Triangle,Internal_and_external_angle,0,-0.414632192
Angle_bisector_theorem,Internal_and_external_angle,0,0
Star_polygon,Polygon,1,0.195625676
Decagon,Vertex_(geometry),1,0.500245297
Two-dimensional_space,Equilateral_triangle,0,0.012853497
Internal_and_external_angle,Geometry,1,0.433122974
Inverse_trigonometric_functions,Sine,1,-0.146333759
Inverse_trigonometric_functions,Vertex_(geometry),1,0.016818227
Square,Convex_polygon,0,-0.324892613
Exterior_angle_theorem,Line_(geometry),1,0.048922
Right_triangle,Special_right_triangles,0,-0.313710456
Transversal_(geometry),Geometry,1,0.450364295
Kite_(geometry),Rectangle,0,-0.192109516
Trapezoid,Diagonal,0,0.022505712
Equilateral_triangle,Point_(geometry),1,-0.048678051
Polygon,Tangent,0,0.000969351
Vertex_(geometry),Tangent,0,-0.008772694
Triangle,Line_segment,1,-0.117134182
Parallelogram,Midpoint,0,-0.141495523
Symmetry,Circle,0,-0.033920524
Coordinate_system,Radius,0,-0.096599827
Vertex_(geometry),Rhombus,0,-0.45637324
Translation_(geometry),Geometry,1,0.09638432
Arc_length,Sphere,0,0.060699652
Convex_polygon,Line_(geometry),1,0.013039925
Inverse_trigonometric_functions,Circle,0,0.069292341
Vertex_(geometry),Convex_polygon,0,-0.484410843
Polygon,Sine,0,-0.056309826
Line_segment,Circle,0,0.114008999
Geometry,Skew_lines,0,-0.363508633
Hexagon,Line_(geometry),1,-0.025334436
Collinearity,Line_(geometry),1,0.149160461
Nonagon,Polygon,1,0.31240283
Bisection,Geometry,1,0.418358816
Polyhedron,Sphere,0,0.053730247
Angle,Parallelogram,0,-0.181446646
Pyramid_(geometry),Vertex_(geometry),1,0.468528465
Triangle_inequality,Point_(geometry),1,0.110606675
Rhombus,Angle,1,0.18830634
Hexagon,Point_(geometry),1,-0.037512637
Rotational_symmetry,Distance,0,0.056404638
Edge_(geometry),Equilateral_triangle,0,-0.197933228
Special_right_triangles,Geometry,1,0.366211779
Slope,Trigonometric_functions,0,0.045733748
Trigonometric_functions,Secant_line,0,-0.040813232
Vertex_(geometry),Polyhedron,0,-0.015976196
Altitude_(triangle),Distance,1,0.017366862
Geometry,Isosceles_triangle,0,-0.269979363
Square,Rhombus,0,-0.130128403
Parallelogram,Quadrilateral,1,0.088382329
Tangent,Vertex_(geometry),1,0.008772694
Edge_(geometry),Pentagon,0,-0.248361497
Triangle,Parallelogram,0,-0.309315397
Reflection_symmetry,Rotation_(mathematics),1,0.071809139
Angle,Rotational_symmetry,0,-0.117026155
Diameter,Circumference,0,-0.113464083
Angle,Point_(geometry),1,-0.150578307
Square,Rotational_symmetry,0,-0.022801468
Sine,Inverse_trigonometric_functions,0,0.146333759
Diameter,Pythagorean_theorem,0,0.07274859
Line_(geometry),Bisection,0,-0.208398585
Polygon,Acute_and_obtuse_triangles,0,-0.296484739
Parallelogram,Vertex_(geometry),1,0.425675272
Polygon,Edge_(geometry),1,0.020459727
Parallel_(geometry),Prism_(geometry),0,-0.057999527
Bisection,Angle,1,0.255429718
Similarity_(geometry),Geometry,1,0.167292339
Edge_(geometry),Nonagon,0,-0.392841318
