1,markov decision processes
1,planning
1,structured sparsity
1,search
1,uncertainty
1,information theory
1,inference
1,reinforcement learning
1,learning
1,probabilities
1,bayesian network
1,hidden markov models
1,optimization
1,speech recognition
1,classification
1,computer vision
1,bayes theorem
1,imagenet
1,machine translation
1,information retrieval
1,recommendation system
1,clustering
1,graphical models
1,kernels
1,Markov Random Fields
1,Sampling
10,others
10,inference
10,learning
10,optimization
10,regularization
10,logistic regression
10,graphical models
10,loss function
10,Gaussian graphical models
11,gradient descent
11,inference
11,robotics
11,learning
11,neural networks
11,graphical models
11,linear regression
11,State Space Models
12,parts of speech
12,entropy
12,others
12,search
12,inference
12,learning
12,probabilities
12,conditional probability
12,bayes theorem
12,graphical models
12,Belief Propagation
12,Unsupervised learning
12,Sampling
124,structured prediction
124,shallow parsing
124,semi-supervised learning
124,semantic parsing
124,named entity recognition
124,dependency parsing
124,transliteration
124,others
124,search
124,uncertainty
124,inference
124,learning
124,perceptron
124,optimization
124,classification
124,parsing
124,logistic regression
124,neural networks
124,relation extraction
124,semantic role labeling
124,named entity recognition
124,information extraction
124,knowledge representation
124,entailment
125,learning
125,perceptron
125,optimization
125,object detection
125,regularization
125,classification
125,logistic regression
125,loss function
125,support vector machines
126,gradient descent
126,learning
126,perceptron
126,optimization
126,regularization
126,classification
126,logistic regression
126,loss function
126,kernels
126,support vector machines
128,shallow parsing
128,named entity recognition
128,entropy
128,others
128,inference
128,learning
128,perceptron
128,probabilities
128,constraint satisfaction
128,parsing
128,named entity recognition
128,Unsupervised learning
129,structured prediction
129,structured learning
129,gradient descent
129,entropy
129,others
129,search
129,inference
129,learning
129,perceptron
129,probabilities
129,conditional probability
129,hidden markov models
129,optimization
129,regularization
129,classification
129,normalization
129,log-linear models
129,logistic regression
129,neural networks
129,information extraction
129,Markov chains
13,calculus
13,entropy
13,uncertainty
13,inference
13,learning
13,optimization
13,monte carlo methods
13,clustering
13,markov chain monte carlo
13,graphical models
13,Message Passing
13,Belief Propagation
13,Mean Field Approximation
13,Sampling
130,structured prediction
130,structured learning
130,others
130,inference
130,learning
130,perceptron
130,data structures
130,optimization
130,Markov Random Fields
131,structured prediction
131,structured learning
131,dependency parsing
131,search
131,inference
131,learning
131,perceptron
131,hidden markov models
131,classification
131,parsing
131,dynamic programming
131,Sampling
132,structured prediction
132,structured learning
132,inference
132,learning
132,perceptron
132,optimization
132,clustering
133,structured prediction
133,collaborative filtering
133,learning
133,perceptron
133,information retrieval
134,parts of speech
134,dependency parsing
134,inference
134,learning
134,perceptron
134,classification
134,parsing
135,structured prediction
135,shallow parsing
135,structured learning
135,inference
135,learning
135,perceptron
135,regularization
135,classification
135,parsing
136,structured prediction
136,structured learning
136,inference
136,learning
136,perceptron
136,optimization
136,clustering
137,structured prediction
137,dependency parsing
137,search
137,inference
137,learning
137,gibbs sampling
137,beam search
137,dual decomposition
137,parsing
137,linear programming
137,dynamic programming
137,Belief Propagation
137,Sampling
138,structured prediction
138,search
138,inference
138,learning
138,optimization
138,loss function
139,named entity recognition
139,gradient descent
139,entropy
139,structured sparsity
139,inference
139,learning
139,probabilities
139,conditional probability
139,regularization
139,normalization
139,newton method
139,named entity recognition
139,information extraction
139,loss function
14,entropy
14,inference
14,probabilities
14,optimization
14,normalization
14,clustering
14,graphical models
14,Message Passing
14,Belief Propagation
14,Mean Field Approximation
140,semi-supervised learning
140,inference
140,learning
140,optimization
140,maximum likelihood estimation
140,parsing
141,inference
141,learning
141,perceptron
141,conditional probability
141,hidden markov models
141,normalization
141,linear programming
141,dynamic programming
141,semantic role labeling
141,information extraction
142,syntax
142,discourse analysis
142,learning
142,python
142,parsing
142,expert systems
142,penn treebank
142,neural networks
142,linear algebra
142,Unsupervised learning
143,parts of speech
143,gradient descent
143,inference
143,learning
143,perceptron
143,neural networks
143,support vector machines
143,Naive Bayes
144,gradient descent
144,others
144,inference
144,learning
144,perceptron
144,imagenet
144,reading comprehension
145,syntax
145,search
145,inference
145,hidden markov models
145,beam search
145,parsing
145,preprocessing
145,dynamic programming
145,Markov chains
145,Naive Bayes
146,search
146,inference
146,learning
146,beam search
146,neural networks
146,Naive Bayes
147,search
147,seq2seq
147,beam search
147,neural networks
147,training neural networks
147,kernels
148,syntax
148,inference
148,learning
148,wordnet
148,neural networks
148,clustering
148,Mixture Models
148,Sampling
149,inference
149,learning
149,recurrent neural networks
149,neural networks
149,language modeling
149,entailment
15,syntax
15,calculus
15,statistical machine translation
15,entropy
15,search
15,inference
15,learning
15,optimization
15,gibbs sampling
15,classification
15,normalization
15,machine translation
15,dimensionality reduction
15,clustering
15,markov chain monte carlo
15,graphical models
15,Belief Propagation
15,Mean Field Approximation
15,Sampling
150,syntax
150,inference
150,parsing
151,syntax
151,dependency parsing
151,parsing
151,penn treebank
151,lexicalized parsing
151,dynamic programming
151,Naive Bayes
152,syntax
152,dependency parsing
152,search
152,inference
152,learning
152,parsing
152,preprocessing
152,lexicalized parsing
152,dynamic programming
152,neural parsing
152,dependency syntax
153,syntax
153,dependency parsing
153,search
153,uncertainty
153,inference
153,perceptron
153,beam search
153,syntaxnet
153,parsing
153,penn treebank
153,dependency syntax
154,syntax
154,calculus
154,combinatory categorial grammar
154,others
154,search
154,learning
154,perceptron
154,beam search
154,parsing
154,dependency syntax
154,first-order logic
155,syntax
155,calculus
155,others
155,search
155,inference
155,learning
155,perceptron
155,seq2seq
155,beam search
155,parsing
155,Sampling
156,pointer networks
156,learning
156,seq2seq
156,parsing
157,syntax
157,seq2seq
157,parsing
157,Naive Bayes
158,syntax
158,search
158,beam search
158,n-gram models
158,parsing
158,penn treebank
158,neural networks
158,language modeling
158,noisy channel model
159,syntax
159,search
159,seq2seq
159,beam search
159,word embedding
159,parsing
159,noisy channel model
16,inference
16,probabilities
16,normalization
16,monte carlo methods
16,markov chain monte carlo
16,graphical models
16,Belief Propagation
16,Mean Field Approximation
16,Sampling
160,memory networks
160,others
160,reading comprehension
160,parsing
160,entailment
161,syntax
161,memory networks
161,others
161,learning
161,seq2seq
161,stemming
161,neural networks
161,language modeling
161,Autoencoders
162,others
162,search
162,learning
162,seq2seq
162,parsing
163,others
163,search
163,inference
163,reinforcement learning
163,learning
163,seq2seq
163,k-nn
163,imagenet
163,parsing
163,neural networks
163,ResNet
164,transfer learning
164,entropy
164,inference
164,learning
164,hidden markov models
164,parsing
164,clustering
164,language modeling
164,entailment
164,Unsupervised learning
164,Autoencoders
164,Sampling
165,sentiment analysis
165,others
165,search
165,multi-task learning
165,inference
165,learning
165,discourse model
165,discourse parsing
165,machine translation
165,highway networks
165,parsing
165,penn treebank
165,preprocessing
165,neural networks
165,clustering
166,dependency parsing
166,inference
166,learning
166,gibbs sampling
166,parsing
166,Sampling
17,inference
17,gibbs sampling
17,latent dirichlet allocation
17,monte carlo methods
17,markov chain monte carlo
17,graphical models
17,Markov chains
17,Mixture Models
17,Sampling
18,inference
18,gibbs sampling
18,latent dirichlet allocation
18,monte carlo methods
18,clustering
18,markov chain monte carlo
18,graphical models
18,Markov Random Fields
18,Mixture Models
18,Sampling
19,inference
19,clustering
19,graphical models
19,Dirichlet Processes
19,Mixture Models
19,Sampling
2,inference
2,learning
2,probabilities
2,conditional probability
2,bayesian network
2,hidden markov models
2,graphical models
2,Mixture Models
2,Sampling
20,inference
20,gibbs sampling
20,clustering
20,markov chain monte carlo
20,graphical models
20,Sampling
21,particle filter
21,inference
21,probabilities
21,latent variable models
21,clustering
21,feature selection
21,graphical models
21,Mixture Models
22,entropy
22,inference
22,learning
22,conditional probability
22,optimization
22,latent variable models
22,graphical models
22,linear algebra
22,kernels
22,Variable Elimination
22,Message Passing
22,Belief Propagation
22,Hilbert Space
23,matrix multiplication
23,inference
23,learning
23,probabilities
23,conditional probability
23,normalization
23,graphical models
23,kernels
23,Message Passing
23,Belief Propagation
23,Hilbert Space
23,Kernel Graphical Models
24,spectral methods
24,learning
24,probabilities
24,normalization
24,parsing
24,latent variable models
24,matrix factorization
24,graphical models
24,linear algebra
24,kernels
24,Hilbert Space
25,gradient descent
25,others
25,uncertainty
25,learning
25,feature learning
25,optimization
25,clustering
25,graphical models
25,linear regression
257,structured prediction
257,syntax
257,dialog systems
257,lexical semantics
257,others
257,inference
257,learning
257,discourse model
257,tokenization
257,machine translation
257,python
257,parsing
257,word sense disambiguation
257,information extraction
258,planning
258,parts of speech
258,others
258,learning
258,probabilities
258,tokenization
258,machine translation
258,python
258,parsing
258,regular expressions
258,penn treebank
258,chomsky hierarchy
259,learning
259,probabilities
259,conditional probability
259,speech recognition
259,maximum likelihood estimation
259,n-gram models
259,machine translation
259,language modeling
259,Sampling
26,structured sparsity
26,others
26,learning
26,optimization
26,maximum likelihood estimation
26,kernel function
26,graphical models
26,linear regression
260,probabilities
260,conditional probability
260,optimization
260,maximum likelihood estimation
261,semantic parsing
261,parts of speech
261,learning
261,probabilities
261,hidden markov models
261,speech recognition
261,machine translation
261,parsing
261,penn treebank
261,speech synthesis
261,information extraction
262,search
262,learning
262,probabilities
262,hidden markov models
262,dynamic programming
262,Unsupervised learning
263,shallow parsing
263,named entity recognition
263,entropy
263,learning
263,probabilities
263,hidden markov models
263,optimization
263,speech recognition
263,maximum likelihood estimation
263,parsing
263,logistic regression
263,graphical models
263,dynamic programming
263,named entity recognition
264,syntax
264,entropy
264,programming languages
264,search
264,learning
264,probabilities
264,data structures
264,hidden markov models
264,optimization
264,maximum likelihood estimation
264,parsing
264,logistic regression
264,feature selection
264,graphical models
264,dynamic programming
265,syntax
265,cky parsing
265,probabilities
265,parsing
265,dynamic programming
266,learning
266,probabilities
266,statistical parsing
266,parsing
266,unlexicalized parsing
266,information retrieval
266,penn treebank
266,dynamic programming
267,dependency parsing
267,learning
267,probabilities
267,data structures
267,parsing
267,unlexicalized parsing
267,penn treebank
267,shift-reduce parsing
268,dependency parsing
268,combinatory categorial grammar
268,data structures
268,context-sensitive grammars
268,parsing
268,chomsky hierarchy
268,shift-reduce parsing
269,syntax
269,lexical semantics
269,combinatory categorial grammar
269,predicate logic
27,search
27,inference
27,gibbs sampling
27,latent dirichlet allocation
27,monte carlo methods
27,clustering
27,markov chain monte carlo
27,graphical models
27,Dirichlet Processes
27,Sampling
270,lexical semantics
270,combinatory categorial grammar
270,learning
270,predicate logic
270,parsing
270,semantic role labeling
271,lexical semantics
271,question answering
271,question answering
271,probabilities
271,predicate logic
271,parsing
271,information retrieval
271,vector representations
271,language modeling
271,semantic similarity
271,word sense disambiguation
271,singular value decomposition
272,semi-supervised learning
272,thesaurus-based similarity
272,question answering
272,question answering
272,search
272,learning
272,wordnet
272,bootstrapping
272,machine translation
272,information retrieval
272,neural networks
272,word sense disambiguation
272,entailment
273,calculus
273,gradient descent
273,entropy
273,learning
273,perceptron
273,probabilities
273,optimization
273,regularization
273,classification
273,activation functions
273,machine translation
273,logistic regression
273,neural networks
273,language modeling
273,loss function
274,syntax
274,statistical machine translation
274,information theory
274,probabilities
274,predicate logic
274,machine translation
274,neural machine translation
274,noisy channel model
275,syntax
275,statistical machine translation
275,learning
275,probabilities
275,machine translation
275,noisy channel model
275,the ibm models
276,syntax
276,search
276,probabilities
276,seq2seq
276,beam search
276,recurrent neural networks
276,machine translation
276,heuristic search
276,neural networks
276,the ibm models
277,search
277,inference
277,beam search
277,discourse parsing
277,heuristic search
277,parsing
278,lexical semantics
278,learning
278,perceptron
278,recursive neural networks
278,probabilities
278,seq2seq
278,optimization
278,speech recognition
278,computer vision
278,recurrent neural networks
278,imagenet
278,n-gram models
278,activation functions
278,machine translation
278,parsing
278,logistic regression
278,neural networks
278,vector representations
278,language modeling
278,semantic role labeling
278,Sampling
279,learning
279,seq2seq
279,optimization
279,recurrent neural networks
279,n-gram models
279,logistic regression
279,neural networks
279,vector representations
279,language modeling
279,Sampling
28,structured prediction
28,entropy
28,dependency parsing
28,others
28,search
28,inference
28,learning
28,optimization
28,regularization
28,classification
28,normalization
28,part of speech tagging
28,parsing
28,logistic regression
28,dual problems
28,context free grammars
28,handwriting recognition
28,clustering
28,feature selection
28,graphical models
28,loss function
28,kernels
28,support vector machines
280,markov decision processes
280,planning
280,dialog systems
280,discourse model
280,seq2seq
280,machine translation
280,python
29,semi-supervised learning
29,entropy
29,others
29,search
29,uncertainty
29,inference
29,learning
29,optimization
29,maximum likelihood estimation
29,regularization
29,classification
29,normalization
29,latent dirichlet allocation
29,latent variable models
29,clustering
29,feature selection
29,graphical models
29,loss function
29,Mixture Models
3,inference
3,learning
3,probabilities
3,conditional probability
3,bayesian network
3,gibbs sampling
3,normalization
3,information retrieval
3,graphical models
3,Markov Random Fields
3,Sampling
30,spectral methods
30,sentiment analysis
30,semantic parsing
30,question answering
30,question answering
30,others
30,robotics
30,reinforcement learning
30,learning
30,speech recognition
30,wordnet
30,classification
30,recurrent neural networks
30,backpropagation
30,machine translation
30,python
30,parsing
30,logistic regression
30,neural networks
30,clustering
30,matrix factorization
30,language modeling
30,linear algebra
30,loss function
31,spectral methods
31,entropy
31,dependency parsing
31,others
31,robotics
31,learning
31,probabilities
31,conditional probability
31,wordnet
31,parsing
31,logistic regression
31,clustering
31,vector representations
31,matrix factorization
31,Sampling
31,Canonical Correlation Analysis
319,planning
319,transfer learning
319,search
319,robotics
319,reinforcement learning
319,learning
319,monte carlo tree search
319,optimization
319,computer vision
319,neural networks
319,Unsupervised learning
319,Meta-Learning
32,spelling correction
32,semantic parsing
32,parts of speech
32,named entity recognition
32,entropy
32,others
32,inference
32,robotics
32,learning
32,perceptron
32,probabilities
32,hidden markov models
32,wordnet
32,classification
32,bootstrapping
32,log-linear models
32,parsing
32,logistic regression
32,penn treebank
32,edit distance
32,preprocessing
32,language modeling
32,dynamic programming
32,named entity recognition
32,Markov chains
320,structured prediction
320,gradient descent
320,learning
320,classification
320,latent variable models
320,Sampling
321,gradient descent
321,python
321,neural networks
322,planning
322,gradient descent
322,search
322,reinforcement learning
322,learning
322,monte carlo tree search
322,optimization
322,backpropagation
322,convolutional neural networks
322,neural networks
322,dynamic programming
322,policy gradient methods
323,search
323,reinforcement learning
323,learning
323,optimization
323,neural networks
323,Sampling
324,entropy
324,reinforcement learning
324,learning
324,policy gradient methods
324,AlphaGo
325,gradient descent
325,learning
325,neural networks
325,dynamic programming
326,gradient descent
326,entropy
326,reinforcement learning
326,learning
326,optimization
326,neural networks
326,Autoencoders
326,Sampling
327,reinforcement learning
327,learning
327,optimization
327,regularization
327,Sampling
328,planning
328,entropy
328,search
328,reinforcement learning
328,learning
328,monte carlo tree search
328,optimization
328,dynamic programming
329,planning
329,entropy
329,search
329,uncertainty
329,inference
329,robotics
329,reinforcement learning
329,learning
329,neural networks
329,Sampling
33,calculus
33,cky parsing
33,semantic parsing
33,entropy
33,dependency parsing
33,combinatory categorial grammar
33,others
33,search
33,inference
33,learning
33,probabilities
33,recursive neural network
33,beam search
33,syntaxnet
33,parsing
33,dynamic programming
330,planning
330,search
330,reinforcement learning
330,learning
330,optimization
330,classification
330,dynamic programming
331,planning
331,others
331,uncertainty
331,reinforcement learning
331,learning
331,bootstrapping
331,neural networks
331,Sampling
332,entropy
332,information theory
332,reinforcement learning
332,learning
332,Unsupervised learning
332,Meta-Learning
333,reinforcement learning
333,learning
333,bootstrapping
333,dynamic programming
333,Sampling
334,others
334,reinforcement learning
334,learning
334,probabilities
334,Sampling
335,entropy
335,uncertainty
335,reinforcement learning
335,learning
335,optimization
335,regularization
335,bootstrapping
336,entropy
336,inference
336,learning
336,variational autoencoders
336,latent variable models
336,Autoencoders
337,planning
337,transfer learning
337,entropy
337,others
337,inference
337,reinforcement learning
337,learning
337,dynamic programming
338,planning
338,generative adversarial networks
338,entropy
338,reinforcement learning
338,learning
338,optimization
338,Sampling
339,transfer learning
339,entropy
339,domain adaptation
339,others
339,search
339,multi-task learning
339,reinforcement learning
339,learning
339,optimization
339,computer vision
339,neural networks
339,Meta-Learning
34,calculus
34,semantic parsing
34,question answering
34,question answering
34,combinatory categorial grammar
34,others
34,paraphrasing
34,learning
34,constraint satisfaction
34,bootstrapping
34,parsing
34,logistic regression
34,clustering
34,semantic role labeling
34,information extraction
34,parsing evaluation
340,transfer learning
340,entropy
340,domain adaptation
340,others
340,search
340,multi-task learning
340,inference
340,robotics
340,reinforcement learning
340,learning
340,optimization
340,classification
340,computer vision
340,recurrent neural networks
340,neural networks
340,Meta-Learning
340,Sampling
343,calculus
343,semantic parsing
343,search
343,inference
343,learning
343,seq2seq
343,optimization
343,speech recognition
343,computer vision
343,imagenet
343,python
343,parsing
343,linear algebra
347,learning
347,regularization
347,text generation
347,Unsupervised learning
347,Sampling
348,sentiment analysis
348,transfer learning
348,one-shot learning
348,learning
348,regularization
348,reading comprehension
35,calculus
35,semantic parsing
35,memory networks
35,gradient descent
35,entropy
35,question answering
35,question answering
35,others
35,paraphrasing
35,search
35,inference
35,learning
35,classification
35,reading comprehension
35,word embedding
35,parsing
35,logistic regression
35,information retrieval
35,preprocessing
35,relation extraction
35,semantic role labeling
35,information extraction
36,syntax
36,statistical machine translation
36,others
36,search
36,learning
36,optimization
36,beam search
36,machine translation
36,neural machine translation
36,entailment
37,syntax
37,statistical machine translation
37,others
37,search
37,robotics
37,learning
37,probabilities
37,beam search
37,classification
37,machine translation
37,parsing
37,entailment
376,semi-supervised learning
376,entropy
376,search
376,reinforcement learning
376,learning
376,probabilities
376,decision trees
376,optimization
376,backpropagation
376,python
376,logistic regression
376,preprocessing
376,neural networks
376,handwriting recognition
376,dimensionality reduction
376,clustering
376,feature selection
376,graphical models
376,support vector machines
376,linear regression
376,Unsupervised learning
376,Sampling
376,Naive Bayes
377,search
377,learning
377,data structures
377,python
377,dimensionality reduction
378,learning
378,data structures
378,optimization
378,normalization
378,python
378,preprocessing
378,dimensionality reduction
378,feature selection
378,Sampling
379,entropy
379,others
379,learning
379,decision trees
379,optimization
379,python
379,Unsupervised learning
38,planning
38,dialog systems
38,semantic parsing
38,statistical machine translation
38,others
38,multi-task learning
38,learning
38,probabilities
38,seq2seq
38,speech recognition
38,classification
38,attention models
38,knowledge graph
38,backpropagation
38,machine translation
38,parsing
38,regular expressions
38,information retrieval
38,neural machine translation
38,Message Passing
38,Sequence to sequence
380,bias-variance
380,bagging
380,learning
380,random forest
380,classification
380,python
380,neural networks
380,feature selection
380,linear regression
380,Sampling
381,bias-variance
381,learning
382,uncertainty
382,learning
382,bootstrapping
382,Sampling
383,others
383,learning
383,optimization
383,logistic regression
383,Sampling
384,learning
384,probabilities
384,optimization
384,classification
384,Sampling
385,bias-variance
385,learning
385,python
385,dimensionality reduction
386,entropy
386,search
386,learning
386,random forest
386,regularization
386,classification
386,logistic regression
386,dimensionality reduction
386,feature selection
386,Sampling
387,gradient descent
387,entropy
387,search
387,learning
387,probabilities
387,conditional probability
387,optimization
387,python
387,spectral clustering
387,dimensionality reduction
387,clustering
387,feature selection
387,tsne
387,linear discriminant analysis
387,kullback leibler divergence
387,Manifold Learning
387,Autoencoders
387,Principal Component Analysis
388,spelling correction
388,syntax
388,sentiment analysis
388,parts of speech
388,named entity recognition
388,question answering
388,dependency parsing
388,question answering
388,information theory
388,learning
388,speech recognition
388,classification
388,knowledge graph
388,text summarization
388,machine translation
388,parsing
388,language modeling
388,word sense disambiguation
388,named entity recognition
388,information extraction
389,sentiment analysis
389,search
389,learning
389,decision trees
389,tokenization
389,stemming
389,normalization
389,regular expressions
389,logistic regression
389,information retrieval
389,information extraction
39,question answering
39,question answering
39,inference
39,learning
39,perceptron
39,probabilities
39,normalization
39,caption generation
39,entailment
39,Sampling
390,sentiment analysis
390,planning
390,language identification
390,learning
390,probabilities
390,decision trees
390,optimization
390,classification
390,logistic regression
390,Sampling
390,Naive Bayes
391,sentiment analysis
391,gradient descent
391,entropy
391,others
391,learning
391,perceptron
391,probabilities
391,conditional probability
391,hidden markov models
391,optimization
391,regularization
391,classification
391,n-gram models
391,machine translation
391,parsing
391,logistic regression
391,feature selection
391,graphical models
391,support vector machines
391,linear regression
391,Naive Bayes
392,probabilities
392,speech recognition
392,classification
392,n-gram models
392,machine translation
392,language modeling
393,parts of speech
393,others
393,perceptron
393,probabilities
393,penn treebank
394,named entity recognition
394,search
394,inference
394,learning
394,conditional probability
394,hidden markov models
394,log-linear models
394,vector representations
394,dynamic programming
394,named entity recognition
395,syntax
395,parts of speech
395,context free grammar
395,machine translation
395,parsing
395,context free grammars
396,cky parsing
396,probabilities
396,context free grammar
396,parsing
396,context free grammars
396,probabilistic context free grammars
396,dynamic programming
397,syntax
397,dependency parsing
397,learning
397,parsing
397,penn treebank
397,relation extraction
397,dynamic programming
397,dependency syntax
397,evaluation of dependency parsing
398,thesaurus-based similarity
398,question answering
398,question answering
398,probabilities
398,wordnet
398,machine translation
398,python
398,information retrieval
398,clustering
398,language modeling
398,semantic similarity
398,information extraction
398,entailment
399,syntax
399,classification
399,clustering
4,collaborative filtering
4,others
4,inference
4,learning
4,conditional probability
4,classification
4,normalization
4,monte carlo methods
4,markov chain monte carlo
4,graphical models
4,Variable Elimination
4,Message Passing
4,Belief Propagation
4,Sampling
40,planning
40,entropy
40,others
40,search
40,uncertainty
40,inference
40,robotics
40,reinforcement learning
40,learning
40,seq2seq
40,machine translation
40,word embedding
40,neural machine translation
40,penn treebank
40,loss function
40,Sampling
400,learning
400,probabilities
400,vector semantics
400,dimensionality reduction
400,clustering
400,singular value decomposition
401,syntax
401,question answering
401,question answering
401,others
401,inference
401,classification
401,machine translation
401,parsing
401,logistic regression
401,semantic role labeling
402,others
402,paraphrasing
402,search
402,learning
402,wordnet
402,query expansion
403,learning
403,wordnet
403,bootstrapping
404,question answering
404,question answering
404,learning
404,wordnet
404,classification
404,bootstrapping
404,relation extraction
404,information extraction
404,Unsupervised learning
405,others
405,learning
405,parsing
405,clustering
406,named entity recognition
406,inference
406,learning
406,named entity recognition
406,information extraction
407,syntax
407,named entity recognition
407,search
407,learning
407,optimization
407,speech recognition
407,computer vision
407,backpropagation
407,imagenet
407,machine translation
407,word embedding
407,logistic regression
407,neural networks
407,named entity recognition
407,Principal Component Analysis
407,Sequence to sequence
458,syntax
458,sentiment analysis
458,calculus
458,dialog systems
458,gradient descent
458,question answering
458,question answering
458,search
458,inference
458,learning
458,optimization
458,speech recognition
458,wordnet
458,regularization
458,classification
458,computer vision
458,recurrent neural networks
458,imagenet
458,machine translation
458,python
458,parsing
458,convolutional neural networks
458,regular expressions
458,logistic regression
458,neural machine translation
458,neural networks
458,vector representations
458,linear algebra
459,bag of words model
459,gradient descent
459,search
459,learning
459,optimization
459,wordnet
459,loss function
459,Sampling
460,syntax
460,named entity recognition
460,entropy
460,search
460,learning
460,classification
460,normalization
460,python
460,dimensionality reduction
460,clustering
460,semantic similarity
460,cross entropy
460,named entity recognition
460,singular value decomposition
460,Sampling
461,matrix multiplication
461,named entity recognition
461,entropy
461,learning
461,optimization
461,regularization
461,classification
461,backpropagation
461,python
461,logistic regression
461,neural networks
461,cross entropy
461,named entity recognition
461,loss function
461,Sampling
462,gradient descent
462,learning
462,backpropagation
462,neural networks
463,inference
463,learning
463,python
463,preprocessing
463,loss function
463,linear regression
463,Sampling
464,syntax
464,entropy
464,dependency parsing
464,others
464,search
464,inference
464,learning
464,probabilities
464,beam search
464,classification
464,constraint satisfaction
464,syntaxnet
464,bootstrapping
464,word embedding
464,parsing
464,logistic regression
464,penn treebank
464,neural networks
464,vector representations
464,dynamic programming
464,dependency syntax
464,evaluation of dependency parsing
465,calculus
465,named entity recognition
465,gradient descent
465,entropy
465,question answering
465,question answering
465,learning
465,probabilities
465,speech recognition
465,classification
465,recurrent neural networks
465,backpropagation
465,machine translation
465,neural networks
465,language modeling
465,named entity recognition
465,loss function
465,Sampling
466,gradient descent
466,entropy
466,learning
466,optimization
466,classification
466,recurrent neural networks
466,machine translation
466,parsing
466,neural networks
466,gated recurrent units
466,language modeling
466,cross entropy
466,Sequence to sequence
467,syntax
467,statistical machine translation
467,search
467,learning
467,seq2seq
467,beam search
467,backpropagation
467,machine translation
467,heuristic search
467,python
467,parsing
467,neural machine translation
468,sentiment analysis
468,transliteration
468,search
468,inference
468,reinforcement learning
468,learning
468,seq2seq
468,optimization
468,beam search
468,regularization
468,classification
468,recurrent neural networks
468,machine translation
468,caption generation
468,neural machine translation
468,penn treebank
468,neural networks
468,language modeling
468,word segmentation
468,Mixture Models
469,entropy
469,search
469,inference
469,learning
469,recursive neural networks
469,recursive neural network
469,beam search
469,regularization
469,classification
469,normalization
469,backpropagation
469,machine translation
469,parsing
469,convolutional neural networks
469,neural machine translation
469,neural networks
469,Autoencoders
470,entropy
470,others
470,inference
470,reinforcement learning
470,learning
470,probabilities
470,word embedding
470,neural networks
470,clustering
471,search
471,learning
471,recursive neural networks
471,recursive neural network
471,wordnet
471,beam search
471,classification
471,stemming
471,recurrent neural networks
471,backpropagation
471,python
471,parsing
471,neural networks
471,vector representations
472,sentiment analysis
472,memory networks
472,entropy
472,question answering
472,question answering
472,search
472,inference
472,reinforcement learning
472,learning
472,seq2seq
472,optimization
472,regularization
472,classification
472,recurrent neural networks
472,part of speech tagging
472,machine translation
472,neural machine translation
472,penn treebank
472,neural networks
472,language modeling
472,Sequence to sequence
473,sentiment analysis
473,semi-supervised learning
473,transfer learning
473,named entity recognition
473,gradient descent
473,question answering
473,question answering
473,inference
473,learning
473,seq2seq
473,optimization
473,regularization
473,classification
473,computer vision
473,normalization
473,imagenet
473,machine translation
473,parsing
473,penn treebank
473,preprocessing
473,language modeling
473,named entity recognition
473,loss function
473,entailment
473,Unsupervised learning
473,AlphaGo
474,sentiment analysis
474,transfer learning
474,question answering
474,dependency parsing
474,question answering
474,search
474,inference
474,reinforcement learning
474,learning
474,seq2seq
474,regularization
474,classification
474,part of speech tagging
474,sentence representations
474,machine translation
474,parsing
474,penn treebank
474,language modeling
474,entailment
474,Mixture Models
475,entropy
475,question answering
475,question answering
475,reinforcement learning
475,learning
475,seq2seq
475,text summarization
475,machine translation
475,text generation
475,neural networks
475,semantic similarity
475,cross entropy
475,loss function
476,graph theory
476,gradient descent
476,class logistics
476,search
476,learning
476,perceptron
476,optimization
476,regularization
476,classification
476,python
476,neural networks
476,graphical models
476,linear algebra
476,autonomous cars
476,Unsupervised learning
476,ResNet
477,generative adversarial networks
477,reinforcement learning
477,learning
477,classification
477,clustering
477,pagerank
477,Unsupervised learning
478,gradient descent
478,learning
478,optimization
478,backpropagation
478,python
478,neural networks
478,linear algebra
478,loss function
478,linear regression
479,gradient descent
479,learning
479,optimization
479,classification
479,logistic regression
479,neural networks
479,loss function
479,linear regression
480,gradient descent
480,learning
480,normalization
480,neural networks
480,loss function
481,gradient descent
481,learning
481,optimization
481,regularization
481,classification
481,neural networks
481,feature selection
481,loss function
482,genetic algorithms
482,gradient descent
482,others
482,search
482,learning
482,regularization
482,classification
482,python
482,logistic regression
482,neural networks
482,loss function
483,generative adversarial networks
483,inference
483,learning
483,k means
483,dimensionality reduction
483,clustering
483,matrix factorization
483,linear algebra
483,loss function
483,Unsupervised learning
483,Principal Component Analysis
484,collaborative filtering
484,gradient descent
484,search
484,learning
484,optimization
484,regularization
484,neural networks
484,matrix factorization
484,linear regression
485,gradient descent
485,speech processing
485,learning
485,perceptron
485,random forest
485,regularization
485,classification
485,computer vision
485,recurrent neural networks
485,backpropagation
485,convolutional neural networks
485,logistic regression
485,neural networks
485,training neural networks
485,loss function
486,learning
486,optimization
486,speech recognition
486,regularization
486,machine translation
486,convolutional neural networks
486,neural networks
487,gradient descent
487,classification
487,python
487,logistic regression
488,gradient descent
488,learning
488,backpropagation
488,activation functions
488,logistic regression
488,neural networks
489,learning
489,logistic regression
489,neural networks
490,learning
490,optimization
490,regularization
490,classification
490,activation functions
490,logistic regression
491,gradient descent
491,learning
491,optimization
491,neural networks
492,gradient descent
492,learning
492,regularization
492,classification
492,normalization
492,neural networks
493,gradient descent
493,search
493,learning
493,optimization
493,regularization
493,classification
493,activation functions
494,transfer learning
494,multi-task learning
494,learning
494,speech recognition
494,machine translation
495,gradient descent
495,convolutional neural network
495,learning
495,object detection
495,classification
495,computer vision
495,convolutional neural networks
495,neural networks
496,transfer learning
496,learning
496,classification
496,computer vision
496,imagenet
496,convolutional neural networks
496,neural networks
496,ResNet
497,learning
497,object detection
497,classification
497,convolutional neural networks
497,neural networks
498,gradient descent
498,one-shot learning
498,learning
498,classification
498,clustering
498,loss function
499,speech recognition
499,classification
499,recurrent neural networks
499,backpropagation
499,machine translation
499,neural machine translation
499,neural networks
499,Sampling
5,others
5,inference
5,probabilities
5,conditional probability
5,hidden markov models
5,graphical models
5,dynamic programming
5,Message Passing
5,Belief Propagation
500,transfer learning
500,named entity recognition
500,learning
500,classification
500,word embedding
500,named entity recognition
500,Sampling
501,statistical machine translation
501,search
501,learning
501,optimization
501,speech recognition
501,beam search
501,regularization
501,classification
501,normalization
501,recurrent neural networks
501,machine translation
501,caption generation
501,convolutional neural networks
501,neural machine translation
501,neural networks
501,Sequence to sequence
502,question answering
502,question answering
502,others
502,learning
502,object detection
502,machine translation
502,python
502,convolutional neural networks
502,logistic regression
502,text generation
502,neural networks
503,learning
503,speech recognition
503,imagenet
503,logistic regression
503,neural networks
503,clustering
504,learning
504,regularization
504,backpropagation
504,logistic regression
505,generative adversarial networks
505,entropy
505,learning
505,normalization
505,imagenet
505,neural networks
505,loss function
506,transfer learning
506,convolutional neural network
506,entropy
506,learning
506,classification
506,cross entropy
506,loss function
508,entropy
508,search
508,learning
508,regularization
508,computer vision
508,recurrent neural networks
508,backpropagation
508,imagenet
508,neural networks
508,language modeling
508,cross entropy
509,gradient descent
509,robotics
509,reinforcement learning
509,learning
509,backpropagation
509,deep Q-network
509,preprocessing
509,loss function
509,Meta-Learning
509,AlphaGo
511,planning
511,dialog systems
511,question answering
511,question answering
511,search
511,uncertainty
511,robotics
511,learning
511,speech recognition
511,classification
511,constraint satisfaction
511,search engines
511,machine translation
511,python
511,expert systems
511,neural networks
511,speech synthesis
511,AlphaGo
512,planning
512,search
512,python
513,planning
513,a* search
513,search
513,informed search
513,speech recognition
513,machine translation
514,planning
514,search
514,optimization
514,constraint satisfaction
515,genetic algorithms
515,search
515,constraint satisfaction
515,adversarial search
516,search
516,uncertainty
516,monte carlo tree search
516,adversarial search
517,markov decision processes
517,search
517,uncertainty
517,reinforcement learning
517,learning
517,probabilities
518,markov decision processes
518,search
519,markov decision processes
519,planning
519,search
519,reinforcement learning
519,learning
519,Sampling
520,planning
520,reinforcement learning
520,learning
521,planning
521,search
521,uncertainty
521,reinforcement learning
521,learning
521,optimization
521,constraint satisfaction
522,planning
522,others
522,search
522,uncertainty
522,inference
522,learning
522,probabilities
522,conditional probability
522,speech recognition
522,constraint satisfaction
522,normalization
523,inference
523,probabilities
523,conditional probability
523,graphical models
524,inference
524,learning
524,conditional probability
524,Variable Elimination
524,Sampling
525,inference
525,learning
525,conditional probability
525,Variable Elimination
525,Sampling
526,inference
526,learning
526,probabilities
526,conditional probability
526,gibbs sampling
526,python
526,monte carlo methods
526,markov chain monte carlo
526,Variable Elimination
526,Sampling
527,probabilities
528,search
528,uncertainty
528,inference
528,probabilities
528,conditional probability
528,hidden markov models
528,speech recognition
528,gibbs sampling
528,search engines
528,machine translation
528,pagerank
528,Markov chains
528,Sampling
529,particle filter
529,uncertainty
529,inference
529,probabilities
529,hidden markov models
529,speech recognition
529,Variable Elimination
529,Sampling
530,inference
530,learning
530,probabilities
530,conditional probability
530,optimization
530,regularization
530,classification
530,clustering
530,Sampling
530,Naive Bayes
531,learning
531,perceptron
531,probabilities
531,optimization
531,maximum likelihood estimation
531,logistic regression
532,learning
532,probabilities
532,optimization
532,speech recognition
532,object detection
532,maximum likelihood estimation
532,classification
532,computer vision
532,backpropagation
532,activation functions
532,machine translation
532,logistic regression
532,neural machine translation
532,neural networks
532,Visual QA
533,entropy
533,learning
533,perceptron
533,conditional probability
533,decision trees
533,speech recognition
533,object detection
533,regularization
533,classification
533,computer vision
533,machine translation
533,logistic regression
533,neural machine translation
533,neural networks
533,clustering
533,feature selection
533,Visual QA
534,entropy
534,search
534,inference
534,robotics
534,reinforcement learning
534,learning
534,optimization
534,imagenet
534,neural networks
534,cross entropy
534,Markov chains
534,Unsupervised learning
534,Sampling
59,sentiment analysis
59,statistical machine translation
59,memory networks
59,gradient descent
59,convolutional neural network
59,inference
59,learning
59,optimization
59,recurrent neural networks
59,sentence representations
59,machine translation
59,convolutional neural networks
59,neural networks
6,gradient descent
6,inference
6,learning
6,perceptron
6,bayesian network
6,classification
6,logistic regression
6,graphical models
6,linear regression
6,Markov Random Fields
60,named entity recognition
60,entropy
60,learning
60,word embedding
60,neural networks
60,named entity recognition
61,calculus
61,gradient descent
61,search
61,reinforcement learning
61,learning
61,optimization
61,regularization
61,backpropagation
61,dynamic programming
61,Unsupervised learning
62,syntax
62,transfer learning
62,learning
62,word embedding
62,matrix factorization
62,Sampling
63,inference
63,learning
63,recurrent neural networks
63,neural networks
64,learning
64,python
64,linear algebra
64,loss function
64,linear regression
65,gradient descent
65,learning
66,entropy
66,search
66,uncertainty
66,learning
66,probabilities
66,speech recognition
66,beam search
66,machine translation
66,caption generation
66,word embedding
66,language modeling
66,cross entropy
67,search
67,probabilities
67,seq2seq
67,beam search
67,language modeling
68,search
68,inference
68,learning
68,reading comprehension
68,entailment
68,Unsupervised learning
69,syntax
69,convolutional neural network
69,learning
69,classification
69,convolutional neural networks
69,neural networks
7,entropy
7,search
7,inference
7,learning
7,probabilities
7,conditional probability
7,bayesian network
7,optimization
7,classification
7,normalization
7,logistic regression
7,graphical models
7,linear regression
7,Unsupervised learning
70,syntax
70,reinforcement learning
70,learning
70,seq2seq
70,predicate logic
70,backpropagation
70,sentence representations
70,parsing
70,neural networks
70,Autoencoders
70,Sequence to sequence
71,syntax
71,others
71,learning
71,predicate logic
71,sentence representations
71,parsing
71,neural networks
71,Autoencoders
72,gradient descent
72,question answering
72,question answering
72,search
72,learning
72,optimization
72,beam search
72,caption generation
73,gradient descent
73,reinforcement learning
73,learning
73,probabilities
73,bootstrapping
73,Unsupervised learning
74,structured prediction
74,syntax
74,search
74,probabilities
74,classification
74,machine translation
74,parsing
74,word sense disambiguation
75,question answering
75,question answering
75,probabilities
75,vector semantics
75,vector representations
75,semantic similarity
75,word sense disambiguation
75,singular value decomposition
76,others
76,learning
76,wordnet
76,classification
76,vector semantics
76,machine translation
76,information retrieval
76,semantic similarity
76,word sense disambiguation
77,sentiment analysis
77,language identification
77,learning
77,perceptron
77,conditional probability
77,classification
77,support vector machines
78,learning
78,perceptron
78,conditional probability
78,classification
79,calculus
79,uncertainty
79,learning
79,perceptron
79,probabilities
79,optimization
79,regularization
79,classification
79,logistic regression
8,entropy
8,inference
8,learning
8,probabilities
8,optimization
8,normalization
8,logistic regression
8,graphical models
8,cross entropy
8,Gaussian graphical models
80,others
80,uncertainty
80,learning
80,perceptron
80,optimization
80,regularization
80,classification
80,logistic regression
80,neural networks
80,loss function
81,gradient descent
81,perceptron
81,classification
81,activation functions
81,logistic regression
81,neural networks
81,training neural networks
82,probabilities
82,speech recognition
82,classification
82,n-gram models
82,machine translation
82,language modeling
83,recurrent neural networks
83,n-gram models
83,neural networks
83,language modeling
83,loss function
84,gradient descent
84,learning
84,neural language modeling
84,word embedding
84,logistic regression
84,language modeling
84,loss function
84,Sampling
85,memory networks
85,inference
85,long short term memory networks
85,recurrent neural networks
85,backpropagation
85,n-gram models
85,neural networks
85,language modeling
86,parts of speech
86,others
86,perceptron
86,classification
86,machine translation
86,penn treebank
86,dynamic programming
86,information extraction
87,others
87,perceptron
87,classification
87,penn treebank
87,dynamic programming
88,structured prediction
88,language identification
88,named entity recognition
88,others
88,search
88,inference
88,learning
88,perceptron
88,optimization
88,classification
88,linear programming
88,penn treebank
88,dynamic programming
88,named entity recognition
88,information extraction
88,loss function
89,statistical machine translation
89,machine translation
89,language modeling
9,calculus
9,entropy
9,others
9,inference
9,learning
9,speech recognition
9,classification
9,latent variable models
9,dimensionality reduction
9,clustering
9,graphical models
9,linear regression
9,Unsupervised learning
9,Mixture Models
90,search
90,learning
90,beam search
90,machine translation
90,neural machine translation
90,Sampling
90,Sequence to sequence
91,entropy
91,search
91,learning
91,beam search
91,backpropagation
91,machine translation
91,neural machine translation
91,language modeling
91,loss function
91,Sampling
91,Sequence to sequence
92,search
92,reinforcement learning
92,learning
92,perceptron
92,beam search
92,attention models
92,machine translation
92,neural machine translation
92,Sampling
93,structured prediction
93,syntax
93,question answering
93,dependency parsing
93,question answering
93,perceptron
93,classification
93,machine translation
93,parsing
93,information extraction
93,shift-reduce parsing
94,dependency parsing
94,perceptron
94,classification
94,recurrent neural networks
94,parsing
94,neural networks
94,shift-reduce parsing
95,parts of speech
95,dependency parsing
95,search
95,learning
95,perceptron
95,parsing
95,shift-reduce parsing
96,structured prediction
96,syntax
96,dependency parsing
96,search
96,learning
96,perceptron
96,classification
96,machine translation
96,parsing
96,word sense disambiguation
